family,candidates,queries,budget,capacity_leaves,equivalence_classes,prior_guess,optimal_guess,ideal_guess_bound,equivalence_guess_ceiling,min_entropy_leakage_bits,search_states,capacity_states,capacity_s,guessing_s,capacity_reused,guessing_reused_uniform_capacity,within_bound,method,scope,circuit_supported,prior,seed
visit,64,6,0,1,13,0.015625,0.015625,0.015625,0.203125,0.0,0,1,2.1292000000006084e-05,6.124999999995717e-06,False,True,True,exact_finite_pool,one_trace_one_verifier,True,uniform,5
visit,64,6,1,2,13,0.015625,0.03125,0.03125,0.203125,1.0,0,3,3.975000000000506e-05,2.8750000000132836e-06,False,True,True,exact_finite_pool,one_trace_one_verifier,True,uniform,5
visit,64,6,2,4,13,0.015625,0.0625,0.0625,0.203125,2.0,0,7,5.245800000000522e-05,2.4170000000045544e-06,False,True,True,exact_finite_pool,one_trace_one_verifier,True,uniform,5
visit,64,6,3,8,13,0.015625,0.125,0.125,0.203125,3.0,0,15,7.541599999999482e-05,2.2080000000035405e-06,False,True,True,exact_finite_pool,one_trace_one_verifier,True,uniform,5
visit,64,6,4,12,13,0.015625,0.1875,0.25,0.203125,3.584962500721156,0,40,0.00019554099999999353,2.457999999982974e-06,False,True,True,exact_finite_pool,one_trace_one_verifier,True,uniform,5
visit_ordered,64,36,0,1,47,0.015625,0.015625,0.015625,0.734375,0.0,0,1,1.84169999999928e-05,2.3339999999927308e-06,False,True,True,exact_finite_pool,one_trace_one_verifier,True,uniform,5
visit_ordered,64,36,1,2,47,0.015625,0.03125,0.03125,0.734375,1.0,0,3,0.0002918330000000191,2.583000000000446e-06,False,True,True,exact_finite_pool,one_trace_one_verifier,True,uniform,5
visit_ordered,64,36,2,4,47,0.015625,0.0625,0.0625,0.734375,2.0,0,7,0.0002629160000000019,2.4170000000045544e-06,False,True,True,exact_finite_pool,one_trace_one_verifier,True,uniform,5
visit_ordered,64,36,3,8,47,0.015625,0.125,0.125,0.734375,3.0,0,15,0.0003409590000000018,4.666999999985988e-06,False,True,True,exact_finite_pool,one_trace_one_verifier,True,uniform,5
visit_ordered,64,36,4,16,47,0.015625,0.25,0.25,0.734375,4.0,0,27,0.00043454200000001,3.0419999999808933e-06,False,True,True,exact_finite_pool,one_trace_one_verifier,True,uniform,5
visit_ordered_timed,64,66,0,1,55,0.015625,0.015625,0.015625,0.859375,0.0,0,1,2.229199999997933e-05,2.5839999999999197e-06,False,True,True,exact_finite_pool,one_trace_one_verifier,True,uniform,5
visit_ordered_timed,64,66,1,2,55,0.015625,0.03125,0.03125,0.859375,1.0,0,3,0.0004754160000000063,2.4580000000107294e-06,False,True,True,exact_finite_pool,one_trace_one_verifier,True,uniform,5
visit_ordered_timed,64,66,2,4,55,0.015625,0.0625,0.0625,0.859375,2.0,0,7,0.0004304579999999947,2.457999999982974e-06,False,True,True,exact_finite_pool,one_trace_one_verifier,True,uniform,5
visit_ordered_timed,64,66,3,8,55,0.015625,0.125,0.125,0.859375,3.0,0,15,0.0005054999999999921,2.4999999999886224e-06,False,True,True,exact_finite_pool,one_trace_one_verifier,True,uniform,5
visit_ordered_timed,64,66,4,16,55,0.015625,0.25,0.25,0.859375,4.0,0,27,0.0006202499999999889,2.4999999999886224e-06,False,True,True,exact_finite_pool,one_trace_one_verifier,True,uniform,5
visit_ordered_timed_avoid,64,186,0,1,55,0.015625,0.015625,0.015625,0.859375,0.0,0,1,1.8750000000011813e-05,2.3339999999927308e-06,False,True,True,exact_finite_pool,one_trace_one_verifier,True,uniform,5
visit_ordered_timed_avoid,64,186,1,2,55,0.015625,0.03125,0.03125,0.859375,1.0,0,3,0.0008317909999999984,2.2499999999814335e-06,False,True,True,exact_finite_pool,one_trace_one_verifier,True,uniform,5
visit_ordered_timed_avoid,64,186,2,4,55,0.015625,0.0625,0.0625,0.859375,2.0,0,7,0.0006511250000000024,2.6250000000060947e-06,False,True,True,exact_finite_pool,one_trace_one_verifier,True,uniform,5
visit_ordered_timed_avoid,64,186,3,8,55,0.015625,0.125,0.125,0.859375,3.0,0,15,0.0008089579999999985,2.79200000000146e-06,False,True,True,exact_finite_pool,one_trace_one_verifier,True,uniform,5
visit_ordered_timed_avoid,64,186,4,16,55,0.015625,0.25,0.25,0.859375,4.0,0,27,0.0008019580000000193,2.7499999999958114e-06,False,True,True,exact_finite_pool,one_trace_one_verifier,True,uniform,5
visit,64,6,0,1,13,0.21079742774414,0.21079742774414,0.21079742774414,0.39796439223677454,0.0,1,0,2.0800000000154029e-07,1.3333000000004258e-05,True,False,True,exact_finite_pool,one_trace_one_verifier,True,rank_skewed_sensitivity,5
visit,64,6,1,2,13,0.21079742774414,0.25295691329296804,0.42159485548828,0.39796439223677454,0.26303440583379406,3,0,1.6599999999589166e-07,3.7333000000000505e-05,True,False,True,exact_finite_pool,one_trace_one_verifier,True,rank_skewed_sensitivity,5
visit,64,6,2,4,13,0.21079742774414,0.31443949638500884,0.84318971097656,0.39796439223677454,0.5769251816557379,7,0,1.2499999998971667e-07,5.3416000000000574e-05,True,False,True,exact_finite_pool,one_trace_one_verifier,True,rank_skewed_sensitivity,5
visit,64,6,3,8,13,0.21079742774414,0.37242203671624013,1.0,0.39796439223677454,0.8210811790470637,14,0,1.2499999998971667e-07,7.433400000000923e-05,True,False,True,exact_finite_pool,one_trace_one_verifier,True,rank_skewed_sensitivity,5
visit,64,6,4,12,13,0.21079742774414,0.39306212647528294,1.0,0.39796439223677454,0.8989000968971844,52,0,1.2500000001747225e-07,0.00023025000000001516,True,False,True,exact_finite_pool,one_trace_one_verifier,True,rank_skewed_sensitivity,5
visit_ordered,64,36,0,1,47,0.21079742774414,0.21079742774414,0.21079742774414,0.8800705101509503,0.0,1,0,1.669999999953653e-07,1.94169999999938e-05,True,False,True,exact_finite_pool,one_trace_one_verifier,True,rank_skewed_sensitivity,5
visit_ordered,64,36,1,2,47,0.21079742774414,0.31619614161621,0.42159485548828,0.8800705101509503,0.5849625007211562,3,0,8.300000001182362e-08,0.00026462499999999056,True,False,True,exact_finite_pool,one_trace_one_verifier,True,rank_skewed_sensitivity,5
visit_ordered,64,36,2,4,47,0.21079742774414,0.43916130780029167,0.84318971097656,0.8800705101509503,1.0588936890535683,7,0,8.300000001182362e-08,0.00035033299999998047,True,False,True,exact_finite_pool,one_trace_one_verifier,True,rank_skewed_sensitivity,5
visit_ordered,64,36,3,8,47,0.21079742774414,0.5729172946903234,1.0,0.8800705101509503,1.442469626558579,15,0,4.1999999977893054e-08,0.0004928329999999981,True,False,True,exact_finite_pool,one_trace_one_verifier,True,rank_skewed_sensitivity,5
visit_ordered,64,36,4,16,47,0.21079742774414,0.704871279949627,1.0,0.8800705101509503,1.7415025612523611,29,0,1.2499999998971667e-07,0.0004630840000000025,True,False,True,exact_finite_pool,one_trace_one_verifier,True,rank_skewed_sensitivity,5
visit_ordered_timed,64,66,0,1,55,0.21079742774414,0.21079742774414,0.21079742774414,0.9455478691356961,0.0,1,0,1.669999999953653e-07,2.0709000000007638e-05,True,False,True,exact_finite_pool,one_trace_one_verifier,True,rank_skewed_sensitivity,5
visit_ordered_timed,64,66,1,2,55,0.21079742774414,0.31619614161621,0.42159485548828,0.9455478691356961,0.5849625007211562,3,0,1.2499999998971667e-07,0.0005215409999999865,True,False,True,exact_finite_pool,one_trace_one_verifier,True,rank_skewed_sensitivity,5
visit_ordered_timed,64,66,2,4,55,0.21079742774414,0.43916130780029167,0.84318971097656,0.9455478691356961,1.0588936890535683,7,0,8.399999998354168e-08,0.0005121670000000078,True,False,True,exact_finite_pool,one_trace_one_verifier,True,rank_skewed_sensitivity,5
visit_ordered_timed,64,66,3,8,55,0.21079742774414,0.5729172946903234,1.0,0.9455478691356961,1.442469626558579,15,0,8.300000001182362e-08,0.0008290420000000021,True,False,True,exact_finite_pool,one_trace_one_verifier,True,rank_skewed_sensitivity,5
visit_ordered_timed,64,66,4,16,55,0.21079742774414,0.7126489756727079,1.0,0.9455478691356961,1.7573343712164782,30,0,2.500000000071889e-07,0.0011736249999999837,True,False,True,exact_finite_pool,one_trace_one_verifier,True,rank_skewed_sensitivity,5
visit_ordered_timed_avoid,64,186,0,1,55,0.21079742774414,0.21079742774414,0.21079742774414,0.9455478691356961,0.0,1,0,8.399999998354168e-08,2.3124999999984963e-05,True,False,True,exact_finite_pool,one_trace_one_verifier,True,rank_skewed_sensitivity,5
visit_ordered_timed_avoid,64,186,1,2,55,0.21079742774414,0.31619614161621,0.42159485548828,0.9455478691356961,0.5849625007211562,3,0,1.2500000001747225e-07,0.0009017500000000067,True,False,True,exact_finite_pool,one_trace_one_verifier,True,rank_skewed_sensitivity,5
visit_ordered_timed_avoid,64,186,2,4,55,0.21079742774414,0.43916130780029167,0.84318971097656,0.9455478691356961,1.0588936890535683,7,0,8.299999998406804e-08,0.0008224159999999925,True,False,True,exact_finite_pool,one_trace_one_verifier,True,rank_skewed_sensitivity,5
visit_ordered_timed_avoid,64,186,3,8,55,0.21079742774414,0.5729172946903234,1.0,0.9455478691356961,1.442469626558579,15,0,1.2499999998971667e-07,0.0010852909999999882,True,False,True,exact_finite_pool,one_trace_one_verifier,True,rank_skewed_sensitivity,5
visit_ordered_timed_avoid,64,186,4,16,55,0.21079742774414,0.7126489756727079,1.0,0.9455478691356961,1.7573343712164782,30,0,8.400000001129726e-08,0.001639709000000017,True,False,True,exact_finite_pool,one_trace_one_verifier,True,rank_skewed_sensitivity,5
