n_points,outcome,total_cycles,user_cycles,segments,prove_s,verify_ms,receipt_bytes,journal_bytes
128,true,524288,388083,1,29.04,10.94,224114,444
128,false,524288,388007,1,28.26,11.62,224114,444
128,false,524288,388025,1,27.89,10.74,224114,444
128,true,524288,388101,1,27.83,11.22,224114,444
128,true,524288,388083,1,28.29,10.94,224114,444
128,false,524288,388007,1,28.77,11.37,224114,444
128,false,524288,388013,1,28.18,11.45,224114,444
128,true,524288,388089,1,28.70,12.33,224114,444
128,true,524288,388095,1,29.83,12.29,224114,444
128,false,524288,388019,1,29.80,12.28,224114,444
128,false,524288,387989,1,29.26,12.28,224114,444
128,true,524288,388065,1,29.08,12.31,224114,444
128,true,524288,388086,1,28.85,12.39,224114,444
128,false,524288,388010,1,27.92,11.44,224114,444
128,false,524288,387959,1,28.36,10.64,224114,444
128,true,524288,388035,1,28.84,11.32,224114,444
128,true,524288,388101,1,28.23,11.41,224114,444
128,false,524288,388025,1,28.53,11.46,224114,444
128,false,524288,388043,1,27.95,10.69,224114,444
128,true,524288,388119,1,27.74,11.59,224114,444
128,true,524288,388089,1,28.59,10.91,224114,444
128,false,524288,388013,1,28.70,11.43,224114,444
128,false,524288,387995,1,29.05,11.52,224114,444
128,true,524288,388071,1,28.59,12.24,224114,444
