attacker,zone_side_m,queries,median_remaining,p10_remaining,p90_remaining,share_identified
random,250,0,2000.0,2000.0,2000.0,0.0
random,250,1,1895.0,1872.4,2000.0,0.0
random,250,2,1881.0,1773.8,1963.6000000000001,0.0
random,250,3,1793.0,722.8000000000005,1894.2,0.0
random,250,4,1768.0,112.8,1882.8,0.0
random,250,5,1652.0,104.2,1865.2,0.0
random,250,6,1638.0,95.6,1766.4,0.0
random,250,7,1544.0,94.8,1763.0,0.0
random,250,8,1530.0,94.8,1738.4,0.0
random,250,9,1517.0,94.8,1710.4,0.0
random,250,10,1432.0,80.4,1612.6,0.0
random,250,11,1348.0,73.0,1610.2,0.0
random,250,12,1238.0,69.2,1581.4,0.0
random,250,13,1214.0,69.2,1514.0,0.0
random,250,14,1164.0,68.8,1476.4,0.0
random,250,15,1019.0,54.2,1359.0,0.04
random,250,16,1000.0,51.800000000000004,1281.4,0.04
random,250,17,907.0,51.800000000000004,1261.6000000000001,0.04
random,250,18,897.0,41.0,1235.2,0.04
random,250,19,885.0,41.0,1190.4,0.04
random,250,20,885.0,41.0,1161.0,0.04
random,250,21,95.0,36.800000000000004,1119.0,0.04
random,250,22,95.0,36.400000000000006,1062.8000000000002,0.04
random,250,23,95.0,33.4,1032.8000000000002,0.04
random,250,24,80.0,15.60000000000001,1008.2000000000002,0.04
random,250,25,80.0,14.000000000000009,963.2,0.04
random,250,26,80.0,14.000000000000009,961.4,0.04
random,250,27,80.0,14.000000000000009,961.4,0.04
random,250,28,80.0,14.000000000000009,944.0,0.04
random,250,29,79.0,14.000000000000009,941.6,0.04
random,250,30,79.0,14.000000000000009,887.4000000000001,0.04
random,250,31,66.0,12.000000000000007,881.4000000000001,0.04
random,250,32,65.0,6.000000000000002,881.4000000000001,0.04
random,250,33,65.0,2.8000000000000007,826.2000000000002,0.08
random,250,34,65.0,2.8000000000000007,789.6000000000001,0.08
random,250,35,65.0,2.4000000000000004,788.4000000000001,0.08
random,250,36,47.0,2.4000000000000004,735.4000000000001,0.08
random,250,37,47.0,2.4000000000000004,699.4000000000002,0.08
random,250,38,47.0,2.4000000000000004,683.8000000000002,0.08
random,250,39,47.0,2.4000000000000004,671.6000000000001,0.08
random,250,40,42.0,2.4000000000000004,614.6,0.08
adaptive,250,0,2000.0,2000.0,2000.0,0.0
adaptive,250,1,1831.0,1831.0,1831.0,0.0
adaptive,250,2,1690.0,141.0,1690.0,0.0
adaptive,250,3,1552.0,68.0,1552.0,0.0
adaptive,250,4,1420.0,40.0,1420.0,0.0
adaptive,250,5,1293.0,18.0,1293.0,0.0
adaptive,250,6,118.0,8.8,1175.0,0.0
adaptive,250,7,56.0,4.4,1067.0,0.0
adaptive,250,8,28.0,2.0,965.0,0.04
adaptive,250,9,14.0,1.0,871.0,0.2
adaptive,250,10,7.0,1.0,778.0,0.28
adaptive,250,11,4.0,1.0,690.0,0.32
adaptive,250,12,2.0,1.0,626.0,0.36
adaptive,250,13,1.0,1.0,567.0,0.64
adaptive,250,14,1.0,1.0,509.0,0.64
adaptive,250,15,1.0,1.0,460.0,0.72
adaptive,250,16,1.0,1.0,417.0,0.72
adaptive,250,17,1.0,1.0,376.0,0.72
adaptive,250,18,1.0,1.0,337.0,0.76
adaptive,250,19,1.0,1.0,39.0,0.8
adaptive,250,20,1.0,1.0,22.0,0.8
adaptive,250,21,1.0,1.0,11.0,0.84
adaptive,250,22,1.0,1.0,5.0,0.84
adaptive,250,23,1.0,1.0,2.6000000000000014,0.84
adaptive,250,24,1.0,1.0,1.0,0.92
adaptive,250,25,1.0,1.0,1.0,0.92
adaptive,250,26,1.0,1.0,1.0,0.92
adaptive,250,27,1.0,1.0,1.0,0.92
adaptive,250,28,1.0,1.0,1.0,0.92
adaptive,250,29,1.0,1.0,1.0,0.92
adaptive,250,30,1.0,1.0,1.0,0.92
adaptive,250,31,1.0,1.0,1.0,0.92
adaptive,250,32,1.0,1.0,1.0,0.92
adaptive,250,33,1.0,1.0,1.0,0.92
adaptive,250,34,1.0,1.0,1.0,0.92
adaptive,250,35,1.0,1.0,1.0,0.92
adaptive,250,36,1.0,1.0,1.0,0.92
adaptive,250,37,1.0,1.0,1.0,0.92
adaptive,250,38,1.0,1.0,1.0,0.92
adaptive,250,39,1.0,1.0,1.0,0.92
adaptive,250,40,1.0,1.0,1.0,0.92
random,500,0,2000.0,2000.0,2000.0,0.0
random,500,1,1848.0,1761.8,2000.0,0.0
random,500,2,1803.0,1580.8,1995.4,0.0
random,500,3,1740.0,691.4000000000004,1899.4,0.0
random,500,4,1636.0,690.2000000000005,1811.4,0.0
random,500,5,1531.0,211.8,1770.4,0.0
random,500,6,1455.0,179.0,1750.8,0.0
random,500,7,1352.0,132.6,1714.4,0.0
random,500,8,1202.0,78.40000000000003,1555.4,0.0
random,500,9,1116.0,74.60000000000002,1474.8000000000002,0.0
random,500,10,1110.0,29.60000000000001,1405.2,0.0
random,500,11,886.0,28.400000000000006,1404.6000000000001,0.0
random,500,12,824.0,27.60000000000001,1390.4,0.0
random,500,13,152.0,23.800000000000004,1277.2,0.0
random,500,14,152.0,23.800000000000004,1111.6,0.0
random,500,15,152.0,23.800000000000004,1106.2,0.0
random,500,16,150.0,17.8,1018.2000000000003,0.0
random,500,17,150.0,17.200000000000003,954.2000000000002,0.0
random,500,18,113.0,17.200000000000003,880.4000000000001,0.0
random,500,19,104.0,16.0,800.6,0.0
random,500,20,104.0,16.0,713.0,0.0
random,500,21,104.0,12.8,686.4,0.0
random,500,22,83.0,12.0,673.0,0.0
random,500,23,83.0,12.0,639.0,0.0
random,500,24,83.0,12.0,615.8000000000001,0.0
random,500,25,83.0,12.0,535.8000000000002,0.0
random,500,26,79.0,10.8,524.4000000000002,0.0
random,500,27,79.0,10.0,494.00000000000034,0.0
random,500,28,77.0,10.0,469.60000000000036,0.0
random,500,29,77.0,10.0,260.0000000000002,0.0
random,500,30,72.0,9.4,241.60000000000028,0.0
random,500,31,65.0,9.4,241.00000000000028,0.0
random,500,32,65.0,9.4,238.6000000000003,0.0
random,500,33,58.0,6.000000000000002,218.20000000000024,0.0
random,500,34,30.0,4.0,218.20000000000024,0.04
random,500,35,26.0,2.4000000000000004,215.40000000000023,0.04
random,500,36,26.0,2.4000000000000004,215.40000000000023,0.04
random,500,37,26.0,2.4000000000000004,215.40000000000023,0.04
random,500,38,18.0,2.4000000000000004,106.40000000000003,0.04
random,500,39,18.0,2.4000000000000004,106.40000000000003,0.04
random,500,40,18.0,2.4000000000000004,106.40000000000003,0.04
adaptive,500,0,2000.0,2000.0,2000.0,0.0
adaptive,500,1,1727.0,1727.0,1727.0,0.0
adaptive,500,2,1491.0,236.0,1491.0,0.0
adaptive,500,3,1277.0,117.0,1277.0,0.0
adaptive,500,4,1081.0,58.4,1081.0,0.0
adaptive,500,5,180.0,29.0,901.0,0.0
adaptive,500,6,91.0,14.4,741.0,0.0
adaptive,500,7,47.0,7.0,607.0,0.0
adaptive,500,8,25.0,3.0,483.0,0.0
adaptive,500,9,12.0,2.0,375.0,0.04
adaptive,500,10,6.0,1.0,312.0,0.24
adaptive,500,11,3.0,1.0,255.0,0.28
adaptive,500,12,2.0,1.0,199.0,0.48
adaptive,500,13,1.0,1.0,152.0,0.6
adaptive,500,14,1.0,1.0,30.0,0.6
adaptive,500,15,1.0,1.0,15.0,0.64
adaptive,500,16,1.0,1.0,8.0,0.68
adaptive,500,17,1.0,1.0,4.0,0.72
adaptive,500,18,1.0,1.0,2.0,0.76
adaptive,500,19,1.0,1.0,1.6000000000000014,0.88
adaptive,500,20,1.0,1.0,1.0,0.96
adaptive,500,21,1.0,1.0,1.0,0.96
adaptive,500,22,1.0,1.0,1.0,0.96
adaptive,500,23,1.0,1.0,1.0,0.96
adaptive,500,24,1.0,1.0,1.0,0.96
adaptive,500,25,1.0,1.0,1.0,0.96
adaptive,500,26,1.0,1.0,1.0,0.96
adaptive,500,27,1.0,1.0,1.0,0.96
adaptive,500,28,1.0,1.0,1.0,0.96
adaptive,500,29,1.0,1.0,1.0,0.96
adaptive,500,30,1.0,1.0,1.0,0.96
adaptive,500,31,1.0,1.0,1.0,0.96
adaptive,500,32,1.0,1.0,1.0,0.96
adaptive,500,33,1.0,1.0,1.0,0.96
adaptive,500,34,1.0,1.0,1.0,0.96
adaptive,500,35,1.0,1.0,1.0,0.96
adaptive,500,36,1.0,1.0,1.0,0.96
adaptive,500,37,1.0,1.0,1.0,0.96
adaptive,500,38,1.0,1.0,1.0,0.96
adaptive,500,39,1.0,1.0,1.0,0.96
adaptive,500,40,1.0,1.0,1.0,0.96
random,1000,0,2000.0,2000.0,2000.0,0.0
random,1000,1,1802.0,1559.2,2000.0,0.0
random,1000,2,1548.0,337.0,1949.0,0.0
random,1000,3,1215.0,301.4,1533.4,0.0
random,1000,4,961.0,254.8,1488.6000000000001,0.0
random,1000,5,381.0,200.20000000000002,1304.6,0.0
random,1000,6,381.0,135.8,1217.6000000000001,0.0
random,1000,7,311.0,126.6,1210.0000000000002,0.0
random,1000,8,288.0,118.4,1139.2000000000003,0.0
random,1000,9,206.0,73.6,926.6000000000001,0.0
random,1000,10,206.0,67.8,834.2,0.0
random,1000,11,194.0,47.60000000000001,605.2000000000002,0.0
random,1000,12,194.0,25.800000000000004,572.4000000000002,0.0
random,1000,13,194.0,25.800000000000004,551.4000000000002,0.0
random,1000,14,172.0,13.200000000000003,449.00000000000006,0.0
random,1000,15,101.0,10.0,297.40000000000003,0.0
random,1000,16,99.0,10.0,269.80000000000007,0.0
random,1000,17,99.0,10.0,257.4000000000001,0.04
random,1000,18,53.0,8.200000000000001,255.60000000000005,0.04
random,1000,19,40.0,5.800000000000001,225.00000000000003,0.08
random,1000,20,39.0,5.200000000000001,214.20000000000005,0.08
random,1000,21,37.0,5.200000000000001,205.4000000000001,0.08
random,1000,22,37.0,2.200000000000001,204.2000000000001,0.12
random,1000,23,37.0,2.200000000000001,200.60000000000008,0.12
random,1000,24,31.0,2.200000000000001,182.40000000000003,0.12
random,1000,25,31.0,1.8000000000000007,182.40000000000003,0.12
random,1000,26,11.0,1.4000000000000004,166.0000000000001,0.12
random,1000,27,11.0,1.4000000000000004,148.60000000000005,0.12
random,1000,28,11.0,1.0,144.40000000000003,0.16
random,1000,29,11.0,1.0,120.80000000000001,0.16
random,1000,30,11.0,1.0,120.80000000000001,0.16
random,1000,31,11.0,1.0,120.80000000000001,0.2
random,1000,32,11.0,1.0,120.80000000000001,0.2
random,1000,33,11.0,1.0,120.80000000000001,0.2
random,1000,34,6.0,1.0,112.80000000000001,0.2
random,1000,35,6.0,1.0,107.20000000000003,0.2
random,1000,36,6.0,1.0,107.20000000000003,0.2
random,1000,37,6.0,1.0,97.60000000000007,0.24
random,1000,38,6.0,1.0,78.40000000000002,0.24
random,1000,39,6.0,1.0,78.40000000000002,0.24
random,1000,40,6.0,1.0,78.40000000000002,0.32
adaptive,1000,0,2000.0,2000.0,2000.0,0.0
adaptive,1000,1,1528.0,472.0,1528.0,0.0
adaptive,1000,2,393.0,239.0,1135.0,0.0
adaptive,1000,3,199.0,119.0,830.0,0.0
adaptive,1000,4,101.0,59.4,542.0,0.0
adaptive,1000,5,52.0,30.0,275.00000000000006,0.0
adaptive,1000,6,26.0,15.0,101.0,0.0
adaptive,1000,7,13.0,7.4,54.0,0.0
adaptive,1000,8,6.0,4.0,27.0,0.0
adaptive,1000,9,3.0,2.0,13.0,0.04
adaptive,1000,10,2.0,1.0,6.600000000000001,0.28
adaptive,1000,11,1.0,1.0,3.6000000000000014,0.56
adaptive,1000,12,1.0,1.0,2.0,0.8
adaptive,1000,13,1.0,1.0,1.0,0.92
adaptive,1000,14,1.0,1.0,1.0,0.92
adaptive,1000,15,1.0,1.0,1.0,0.92
adaptive,1000,16,1.0,1.0,1.0,0.92
adaptive,1000,17,1.0,1.0,1.0,0.92
adaptive,1000,18,1.0,1.0,1.0,0.92
adaptive,1000,19,1.0,1.0,1.0,0.92
adaptive,1000,20,1.0,1.0,1.0,0.92
adaptive,1000,21,1.0,1.0,1.0,0.92
adaptive,1000,22,1.0,1.0,1.0,0.92
adaptive,1000,23,1.0,1.0,1.0,0.92
adaptive,1000,24,1.0,1.0,1.0,0.92
adaptive,1000,25,1.0,1.0,1.0,0.92
adaptive,1000,26,1.0,1.0,1.0,0.92
adaptive,1000,27,1.0,1.0,1.0,0.92
adaptive,1000,28,1.0,1.0,1.0,0.92
adaptive,1000,29,1.0,1.0,1.0,0.92
adaptive,1000,30,1.0,1.0,1.0,0.92
adaptive,1000,31,1.0,1.0,1.0,0.92
adaptive,1000,32,1.0,1.0,1.0,0.92
adaptive,1000,33,1.0,1.0,1.0,0.92
adaptive,1000,34,1.0,1.0,1.0,0.92
adaptive,1000,35,1.0,1.0,1.0,0.92
adaptive,1000,36,1.0,1.0,1.0,0.92
adaptive,1000,37,1.0,1.0,1.0,0.92
adaptive,1000,38,1.0,1.0,1.0,0.92
adaptive,1000,39,1.0,1.0,1.0,0.92
adaptive,1000,40,1.0,1.0,1.0,0.92
