dataset,bucket_s,items,err_any,err_any_lo,err_any_hi,fp_any,err_carry,err_sound,err_any_tight,err_any_loose,err_any_reversed,ratio_dfa_over_selector,ratio_dfa_over_scan,ratio_bound_over_scan,ratio_e2e,median_n,median_scan,median_selector,median_commit
geolife,600,1600,0.2569,0.2361,0.2788,0.0506,0.53,0.6625,0.3113,0.275,0.13,0.211,0.008,0.954,0.989,399.0,96935.0,3480.0,145676.5
geolife,300,1600,0.1419,0.1256,0.1598,0.0512,0.4387,0.4938,0.18,0.1225,0.085,0.38,0.014,0.959,0.99,399.0,96935.0,3480.0,145676.5
geolife,180,1600,0.0831,0.0706,0.0977,0.045,0.3419,0.4031,0.1125,0.0475,0.06,0.624,0.023,0.965,0.992,399.0,96935.0,3480.0,145676.5
geolife,120,1600,0.0587,0.0482,0.0714,0.0413,0.2781,0.3063,0.0825,0.0225,0.0475,0.947,0.036,0.973,0.994,399.0,96935.0,3480.0,145676.5
geolife,60,1600,0.0338,0.026,0.0438,0.0269,0.1625,0.1737,0.0537,0.0,0.0275,2.045,0.076,1.012,1.003,399.0,96935.0,3480.0,145676.5
geolife,30,1600,0.0213,0.0152,0.0295,0.0175,0.0813,0.0481,0.035,0.0,0.015,4.734,0.174,1.111,1.026,399.0,96935.0,3480.0,145676.5
geolife,15,1600,0.015,0.0101,0.0222,0.0119,0.0369,0.0187,0.0238,0.0,0.0125,12.085,0.442,1.377,1.089,399.0,96935.0,3480.0,145676.5
geolife,10,1600,0.0094,0.0057,0.0154,0.0075,0.0225,0.01,0.015,0.0,0.0075,21.733,0.808,1.748,1.175,399.0,96935.0,3480.0,145676.5
geolife,5,1600,0.0063,0.0034,0.0115,0.005,0.0063,0.0037,0.01,0.0,0.005,67.091,2.448,3.385,1.564,399.0,96935.0,3480.0,145676.5
porto,600,1600,0.5469,0.5224,0.5711,0.0338,0.6669,0.6706,0.6713,0.7625,0.0825,0.443,0.027,0.969,0.998,42.0,10184.0,621.0,15550.0
porto,300,1600,0.3137,0.2915,0.3369,0.0669,0.6312,0.5587,0.4175,0.3575,0.0625,0.85,0.05,0.989,0.999,42.0,10184.0,621.0,15550.0
porto,180,1600,0.1888,0.1703,0.2087,0.0731,0.5687,0.5075,0.2587,0.1925,0.045,1.314,0.078,1.013,1.001,42.0,10184.0,621.0,15550.0
porto,120,1600,0.1119,0.0973,0.1283,0.0788,0.4856,0.4094,0.1775,0.0675,0.025,1.941,0.117,1.047,1.003,42.0,10184.0,621.0,15550.0
porto,60,1600,0.0688,0.0574,0.0822,0.0669,0.3187,0.2831,0.1313,0.005,0.0075,3.913,0.233,1.161,1.011,42.0,10184.0,621.0,15550.0
porto,30,1600,0.0481,0.0387,0.0597,0.0475,0.1894,0.1156,0.095,0.0,0.0025,8.405,0.5,1.428,1.029,42.0,10184.0,621.0,15550.0
porto,15,1600,0.0275,0.0205,0.0367,0.0275,0.0275,0.0512,0.055,0.0,0.0,19.497,1.169,2.098,1.073,42.0,10184.0,621.0,15550.0
porto,10,1600,0.0163,0.0111,0.0237,0.0163,0.0325,0.0413,0.0325,0.0,0.0,33.263,1.997,2.928,1.129,42.0,10184.0,621.0,15550.0
porto,5,1600,0.0063,0.0034,0.0115,0.0063,0.0306,0.0312,0.0125,0.0,0.0,91.325,5.53,6.458,1.362,42.0,10184.0,621.0,15550.0
tdrive,600,1600,0.1762,0.1584,0.1957,0.13,0.2594,0.4,0.2525,0.19,0.01,4.961,0.423,1.385,1.015,24.0,5810.0,476.0,8989.0
tdrive,300,1600,0.1237,0.1085,0.1408,0.1125,0.1762,0.2231,0.2075,0.0775,0.0025,10.186,0.866,1.826,1.032,24.0,5810.0,476.0,8989.0
tdrive,180,1600,0.1025,0.0886,0.1183,0.0963,0.1681,0.165,0.17,0.0675,0.0025,17.712,1.483,2.444,1.056,24.0,5810.0,476.0,8989.0
tdrive,120,1600,0.0806,0.0683,0.095,0.0775,0.1475,0.1325,0.135,0.05,0.0025,27.783,2.319,3.272,1.088,24.0,5810.0,476.0,8989.0
tdrive,60,1600,0.0519,0.042,0.0639,0.0519,0.1244,0.0963,0.085,0.0375,0.0,62.976,5.225,6.178,1.203,24.0,5810.0,476.0,8989.0
tdrive,30,1600,0.0281,0.0211,0.0374,0.0281,0.1125,0.0825,0.04,0.0325,0.0,159.072,13.384,14.333,1.518,24.0,5810.0,476.0,8989.0
tdrive,15,1600,0.0112,0.0071,0.0177,0.0112,0.1119,0.0725,0.0088,0.0275,0.0,451.872,38.587,39.54,2.499,24.0,5810.0,476.0,8989.0
tdrive,10,1600,0.0063,0.0034,0.0115,0.0063,0.1094,0.0712,0.0025,0.02,0.0,884.922,76.17,77.127,3.953,24.0,5810.0,476.0,8989.0
tdrive,5,1600,0.005,0.0025,0.0098,0.005,0.1106,0.0669,0.0013,0.0175,0.0,3001.508,260.617,261.577,11.132,24.0,5810.0,476.0,8989.0
