dataset,bucket_s,kind,delta_over_gap,items,err_any
geolife,5,loose,-,400,0.0
geolife,5,reversed,1.25,400,0.005
geolife,5,tight,0.8,141,0.0213
geolife,5,tight,0.9,167,0.0299
geolife,5,tight,1.0,160,0.0
geolife,5,tight,1.1,179,0.0
geolife,5,tight,1.25,153,0.0
geolife,10,loose,-,400,0.0
geolife,10,reversed,1.25,400,0.0075
geolife,10,tight,0.8,141,0.0426
geolife,10,tight,0.9,167,0.0359
geolife,10,tight,1.0,160,0.0
geolife,10,tight,1.1,179,0.0
geolife,10,tight,1.25,153,0.0
geolife,15,loose,-,400,0.0
geolife,15,reversed,1.25,400,0.0125
geolife,15,tight,0.8,141,0.0709
geolife,15,tight,0.9,167,0.0539
geolife,15,tight,1.0,160,0.0
geolife,15,tight,1.1,179,0.0
geolife,15,tight,1.25,153,0.0
geolife,30,loose,-,400,0.0
geolife,30,reversed,1.25,400,0.015
geolife,30,tight,0.8,141,0.0922
geolife,30,tight,0.9,167,0.0898
geolife,30,tight,1.0,160,0.0
geolife,30,tight,1.1,179,0.0
geolife,30,tight,1.25,153,0.0
geolife,60,loose,-,400,0.0
geolife,60,reversed,1.25,400,0.0275
geolife,60,tight,0.8,141,0.1489
geolife,60,tight,0.9,167,0.1317
geolife,60,tight,1.0,160,0.0
geolife,60,tight,1.1,179,0.0
geolife,60,tight,1.25,153,0.0
geolife,120,loose,-,400,0.0225
geolife,120,reversed,1.25,400,0.0475
geolife,120,tight,0.8,141,0.234
geolife,120,tight,0.9,167,0.1677
geolife,120,tight,1.0,160,0.0063
geolife,120,tight,1.1,179,0.0112
geolife,120,tight,1.25,153,0.0131
geolife,180,loose,-,400,0.0475
geolife,180,reversed,1.25,400,0.06
geolife,180,tight,0.8,141,0.234
geolife,180,tight,0.9,167,0.2156
geolife,180,tight,1.0,160,0.0187
geolife,180,tight,1.1,179,0.0559
geolife,180,tight,1.25,153,0.0523
geolife,300,loose,-,400,0.1225
geolife,300,reversed,1.25,400,0.085
geolife,300,tight,0.8,141,0.3191
geolife,300,tight,0.9,167,0.2754
geolife,300,tight,1.0,160,0.1125
geolife,300,tight,1.1,179,0.1285
geolife,300,tight,1.25,153,0.0784
geolife,600,loose,-,400,0.275
geolife,600,reversed,1.25,400,0.13
geolife,600,tight,0.8,141,0.3972
geolife,600,tight,0.9,167,0.3892
geolife,600,tight,1.0,160,0.2188
geolife,600,tight,1.1,179,0.3073
geolife,600,tight,1.25,153,0.2484
porto,5,loose,-,400,0.0
porto,5,reversed,1.25,400,0.0
porto,5,tight,0.8,162,0.037
porto,5,tight,0.9,156,0.0256
porto,5,tight,1.0,165,0.0
porto,5,tight,1.1,158,0.0
porto,5,tight,1.25,159,0.0
porto,10,loose,-,400,0.0
porto,10,reversed,1.25,400,0.0
porto,10,tight,0.8,162,0.0617
porto,10,tight,0.9,156,0.1026
porto,10,tight,1.0,165,0.0
porto,10,tight,1.1,158,0.0
porto,10,tight,1.25,159,0.0
porto,15,loose,-,400,0.0
porto,15,reversed,1.25,400,0.0
porto,15,tight,0.8,162,0.1296
porto,15,tight,0.9,156,0.1474
porto,15,tight,1.0,165,0.0
porto,15,tight,1.1,158,0.0
porto,15,tight,1.25,159,0.0
porto,30,loose,-,400,0.0
porto,30,reversed,1.25,400,0.0025
porto,30,tight,0.8,162,0.2346
porto,30,tight,0.9,156,0.2436
porto,30,tight,1.0,165,0.0
porto,30,tight,1.1,158,0.0
porto,30,tight,1.25,159,0.0
porto,60,loose,-,400,0.005
porto,60,reversed,1.25,400,0.0075
porto,60,tight,0.8,162,0.3642
porto,60,tight,0.9,156,0.2949
porto,60,tight,1.0,165,0.0
porto,60,tight,1.1,158,0.0
porto,60,tight,1.25,159,0.0
porto,120,loose,-,400,0.0675
porto,120,reversed,1.25,400,0.025
porto,120,tight,0.8,162,0.4691
porto,120,tight,0.9,156,0.3205
porto,120,tight,1.0,165,0.0364
porto,120,tight,1.1,158,0.0316
porto,120,tight,1.25,159,0.0314
porto,180,loose,-,400,0.1925
porto,180,reversed,1.25,400,0.045
porto,180,tight,0.8,162,0.4753
porto,180,tight,0.9,156,0.4231
porto,180,tight,1.0,165,0.1636
porto,180,tight,1.1,158,0.1013
porto,180,tight,1.25,159,0.1321
porto,300,loose,-,400,0.3575
porto,300,reversed,1.25,400,0.0625
porto,300,tight,0.8,162,0.5988
porto,300,tight,0.9,156,0.5064
porto,300,tight,1.0,165,0.3273
porto,300,tight,1.1,158,0.3734
porto,300,tight,1.25,159,0.283
porto,600,loose,-,400,0.7625
porto,600,reversed,1.25,400,0.0825
porto,600,tight,0.8,162,0.5309
porto,600,tight,0.9,156,0.6474
porto,600,tight,1.0,165,0.7212
porto,600,tight,1.1,158,0.7532
porto,600,tight,1.25,159,0.7044
tdrive,5,loose,-,400,0.0175
tdrive,5,reversed,1.25,400,0.0
tdrive,5,tight,0.8,148,0.0
tdrive,5,tight,0.9,173,0.0058
tdrive,5,tight,1.0,156,0.0
tdrive,5,tight,1.1,151,0.0
tdrive,5,tight,1.25,172,0.0
tdrive,10,loose,-,400,0.02
tdrive,10,reversed,1.25,400,0.0
tdrive,10,tight,0.8,148,0.0068
tdrive,10,tight,0.9,173,0.0058
tdrive,10,tight,1.0,156,0.0
tdrive,10,tight,1.1,151,0.0
tdrive,10,tight,1.25,172,0.0
tdrive,15,loose,-,400,0.0275
tdrive,15,reversed,1.25,400,0.0
tdrive,15,tight,0.8,148,0.0135
tdrive,15,tight,0.9,173,0.0289
tdrive,15,tight,1.0,156,0.0
tdrive,15,tight,1.1,151,0.0
tdrive,15,tight,1.25,172,0.0
tdrive,30,loose,-,400,0.0325
tdrive,30,reversed,1.25,400,0.0
tdrive,30,tight,0.8,148,0.0135
tdrive,30,tight,0.9,173,0.1734
tdrive,30,tight,1.0,156,0.0
tdrive,30,tight,1.1,151,0.0
tdrive,30,tight,1.25,172,0.0
tdrive,60,loose,-,400,0.0375
tdrive,60,reversed,1.25,400,0.0
tdrive,60,tight,0.8,148,0.0878
tdrive,60,tight,0.9,173,0.3179
tdrive,60,tight,1.0,156,0.0
tdrive,60,tight,1.1,151,0.0
tdrive,60,tight,1.25,172,0.0
tdrive,120,loose,-,400,0.05
tdrive,120,reversed,1.25,400,0.0025
tdrive,120,tight,0.8,148,0.223
tdrive,120,tight,0.9,173,0.4277
tdrive,120,tight,1.0,156,0.0
tdrive,120,tight,1.1,151,0.0066
tdrive,120,tight,1.25,172,0.0
tdrive,180,loose,-,400,0.0675
tdrive,180,reversed,1.25,400,0.0025
tdrive,180,tight,0.8,148,0.2838
tdrive,180,tight,0.9,173,0.5145
tdrive,180,tight,1.0,156,0.0192
tdrive,180,tight,1.1,151,0.0066
tdrive,180,tight,1.25,172,0.0058
tdrive,300,loose,-,400,0.0775
tdrive,300,reversed,1.25,400,0.0025
tdrive,300,tight,0.8,148,0.4189
tdrive,300,tight,0.9,173,0.5665
tdrive,300,tight,1.0,156,0.0192
tdrive,300,tight,1.1,151,0.0
tdrive,300,tight,1.25,172,0.0174
tdrive,600,loose,-,400,0.19
tdrive,600,reversed,1.25,400,0.01
tdrive,600,tight,0.8,148,0.5203
tdrive,600,tight,0.9,173,0.526
tdrive,600,tight,1.0,156,0.0705
tdrive,600,tight,1.1,151,0.053
tdrive,600,tight,1.25,172,0.0872
