variant,dataset,bucket_s,items,holds,b3_error,b3_error_lo,b3_error_hi,b3_fn_rate,b3_fp_rate,ours_constraints_median,b3_constraints_median,b3_over_ours_median,b3_cheaper_share
carry,geolife,600,1600,1223,0.53,0.5055,0.5544,0.6901,0.0106,3732.0,1083.0,0.344,0.9469
carry,geolife,300,1600,1223,0.4387,0.4146,0.4632,0.5699,0.0133,3732.0,2181.0,0.612,0.8688
carry,geolife,180,1600,1223,0.3419,0.319,0.3655,0.4415,0.0186,3732.0,3645.0,0.998,0.5025
carry,geolife,120,1600,1223,0.2781,0.2567,0.3006,0.359,0.0159,3732.0,5388.5,1.484,0.26
carry,geolife,60,1600,1223,0.1625,0.1452,0.1814,0.2069,0.0186,3732.0,11326.0,3.09,0.0294
carry,geolife,30,1600,1223,0.0813,0.0688,0.0957,0.103,0.0106,3732.0,25161.0,6.823,0.0
carry,geolife,15,1600,1223,0.0369,0.0287,0.0473,0.0425,0.0186,3732.0,59881.0,15.979,0.0
carry,geolife,10,1600,1223,0.0225,0.0163,0.031,0.0245,0.0159,3732.0,102907.5,27.896,0.0
carry,geolife,5,1600,1223,0.0063,0.0034,0.0115,0.0025,0.0186,3732.0,285706.0,76.754,0.0
carry,porto,600,1600,1099,0.6669,0.6434,0.6895,0.9709,0.0,873.0,711.0,0.625,0.9975
carry,porto,300,1600,1099,0.6312,0.6073,0.6546,0.9172,0.004,873.0,1072.0,1.097,0.4188
carry,porto,180,1600,1099,0.5687,0.5443,0.5928,0.8207,0.016,873.0,1449.0,1.672,0.0525
carry,porto,120,1600,1099,0.4856,0.4612,0.5101,0.6961,0.024,873.0,2181.0,2.46,0.0
carry,porto,60,1600,1099,0.3187,0.2964,0.342,0.4359,0.0619,873.0,4164.0,4.814,0.0
carry,porto,30,1600,1099,0.1894,0.1709,0.2093,0.2384,0.0818,873.0,8885.0,10.049,0.0
carry,porto,15,1600,1099,0.0275,0.0205,0.0367,0.0,0.0878,873.0,19607.0,22.062,0.0
carry,porto,10,1600,1099,0.0325,0.0249,0.0424,0.0,0.1038,873.0,32257.0,35.832,0.0
carry,porto,5,1600,1099,0.0306,0.0232,0.0403,0.0,0.0978,873.0,81164.5,89.715,0.0
carry,tdrive,600,1600,986,0.2594,0.2385,0.2814,0.354,0.1075,728.0,4377.0,5.824,0.0
carry,tdrive,300,1600,986,0.1762,0.1584,0.1957,0.1521,0.215,728.0,8885.0,11.863,0.0
carry,tdrive,180,1600,986,0.1681,0.1506,0.1872,0.1095,0.2622,728.0,15017.0,20.111,0.0
carry,tdrive,120,1600,986,0.1475,0.131,0.1657,0.0639,0.2818,728.0,23129.0,31.06,0.0
carry,tdrive,60,1600,986,0.1244,0.1091,0.1415,0.0223,0.2883,728.0,49929.0,66.321,0.0
carry,tdrive,30,1600,986,0.1125,0.0979,0.1289,0.0051,0.285,728.0,115879.5,152.712,0.0
carry,tdrive,15,1600,986,0.1119,0.0973,0.1283,0.001,0.2899,728.0,302827.0,394.44,0.0
carry,tdrive,10,1600,986,0.1094,0.095,0.1256,0.0,0.285,728.0,563343.0,723.549,0.0
carry,tdrive,5,1600,986,0.1106,0.0962,0.1269,0.0,0.2883,728.0,1772745.0,2261.411,0.0
any,geolife,600,1600,1223,0.2569,0.2361,0.2788,0.2698,0.2149,3732.0,1083.0,0.344,0.9469
any,geolife,300,1600,1223,0.1419,0.1256,0.1598,0.1186,0.2175,3732.0,2181.0,0.612,0.8688
any,geolife,180,1600,1223,0.0831,0.0706,0.0977,0.0499,0.191,3732.0,3645.0,0.998,0.5025
any,geolife,120,1600,1223,0.0587,0.0482,0.0714,0.0229,0.1751,3732.0,5388.5,1.484,0.26
any,geolife,60,1600,1223,0.0338,0.026,0.0438,0.009,0.1141,3732.0,11326.0,3.09,0.0294
any,geolife,30,1600,1223,0.0213,0.0152,0.0295,0.0049,0.0743,3732.0,25161.0,6.823,0.0
any,geolife,15,1600,1223,0.015,0.0101,0.0222,0.0041,0.0504,3732.0,59881.0,15.979,0.0
any,geolife,10,1600,1223,0.0094,0.0057,0.0154,0.0025,0.0318,3732.0,102907.5,27.896,0.0
any,geolife,5,1600,1223,0.0063,0.0034,0.0115,0.0016,0.0212,3732.0,285706.0,76.754,0.0
any,porto,600,1600,1099,0.5469,0.5224,0.5711,0.747,0.1078,873.0,711.0,0.625,0.9975
any,porto,300,1600,1099,0.3137,0.2915,0.3369,0.3594,0.2136,873.0,1072.0,1.097,0.4188
any,porto,180,1600,1099,0.1888,0.1703,0.2087,0.1683,0.2335,873.0,1449.0,1.672,0.0525
any,porto,120,1600,1099,0.1119,0.0973,0.1283,0.0482,0.2515,873.0,2181.0,2.46,0.0
any,porto,60,1600,1099,0.0688,0.0574,0.0822,0.0027,0.2136,873.0,4164.0,4.814,0.0
any,porto,30,1600,1099,0.0481,0.0387,0.0597,0.0009,0.1517,873.0,8885.0,10.049,0.0
any,porto,15,1600,1099,0.0275,0.0205,0.0367,0.0,0.0878,873.0,19607.0,22.062,0.0
any,porto,10,1600,1099,0.0163,0.0111,0.0237,0.0,0.0519,873.0,32257.0,35.832,0.0
any,porto,5,1600,1099,0.0063,0.0034,0.0115,0.0,0.02,873.0,81164.5,89.715,0.0
any,tdrive,600,1600,986,0.1762,0.1584,0.1957,0.0751,0.3388,728.0,4377.0,5.824,0.0
any,tdrive,300,1600,986,0.1237,0.1085,0.1408,0.0183,0.2932,728.0,8885.0,11.863,0.0
any,tdrive,180,1600,986,0.1025,0.0886,0.1183,0.0101,0.2508,728.0,15017.0,20.111,0.0
any,tdrive,120,1600,986,0.0806,0.0683,0.095,0.0051,0.202,728.0,23129.0,31.06,0.0
any,tdrive,60,1600,986,0.0519,0.042,0.0639,0.0,0.1352,728.0,49929.0,66.321,0.0
any,tdrive,30,1600,986,0.0281,0.0211,0.0374,0.0,0.0733,728.0,115879.5,152.712,0.0
any,tdrive,15,1600,986,0.0112,0.0071,0.0177,0.0,0.0293,728.0,302827.0,394.44,0.0
any,tdrive,10,1600,986,0.0063,0.0034,0.0115,0.0,0.0163,728.0,563343.0,723.549,0.0
any,tdrive,5,1600,986,0.005,0.0025,0.0098,0.0,0.013,728.0,1772745.0,2261.411,0.0
