scope,candidates,charge,attacker,max_queries,budget,shannon_bits,shannon_ci95,minent_bits,a_eff,median_remaining,share_identified,bound_bits,prior_bits,within_bound,method
porto,2000,all,adaptive,300,1,0.7056366064601749,0.0,1.0,1226.343718995229,1616.0,0.0,1.0,10.965784284662087,True,exact
porto,2000,all,adaptive,300,2,1.3898529778543478,0.0,2.0,763.2073774439053,1374.0,0.0,2.0,10.965784284662087,True,exact
porto,2000,all,adaptive,300,3,2.087360495480912,0.0,3.0,470.6216203284091,1194.0,0.0,3.0,10.965784284662087,True,exact
porto,2000,all,adaptive,300,4,2.846283743519077,0.0,4.0,278.1078276263098,1020.0,0.0,4.0,10.965784284662087,True,exact
porto,2000,all,adaptive,300,6,4.359447021171837,0.0,6.0,97.43291091858772,60.0,0.0,6.0,10.965784284662087,True,exact
porto,2000,all,adaptive,300,8,5.9486594957164325,0.0,8.0,32.38210326994188,15.0,0.006,8.0,10.965784284662087,True,exact
porto,2000,yes_only,adaptive,20,1,3.774035214747904,0.0,4.392317422778761,146.1948894914127,116.0,0.0,4.392317422778761,10.965784284662087,True,exact
porto,2000,yes_only,adaptive,20,2,5.514664651515179,0.0,7.066089190457772,43.747225979510226,60.0,0.0175,7.721099188707185,10.965784284662087,True,exact
porto,2000,yes_only,adaptive,20,3,7.116905386744982,0.0,8.703903573444663,14.408806129032229,27.0,0.104,10.399811959325685,10.965784284662087,True,exact
porto,2000,yes_only,adaptive,20,4,8.368381768786538,0.0,9.681238411777805,6.051960267130521,8.0,0.2785,12.597121428789569,10.965784284662087,True,exact
porto,2000,yes_only,adaptive,20,6,9.478077161175271,0.0,10.436711542137214,2.8044291260695773,2.0,0.5995,15.88369335851507,10.965784284662087,True,exact
porto,2000,yes_only,adaptive,20,8,9.64589174105694,0.0,10.561287945164828,2.4964751456774192,2.0,0.6915,18.009905140445355,10.965784284662087,True,exact
porto,2000,yes_only,adaptive,50,1,4.311822780016942,0.0,5.672425341971495,100.70290591913745,116.0,0.0,5.672425341971495,10.965784284662087,True,exact
porto,2000,yes_only,adaptive,50,2,6.230635982088567,0.0,7.960001932068081,26.633097132880188,60.0,0.054,10.31741261376487,10.965784284662087,True,exact
porto,2000,yes_only,adaptive,50,3,7.93847198749741,0.0,9.231221180711186,8.152894221816513,27.0,0.183,14.34955768662052,10.965784284662087,True,exact
porto,2000,yes_only,adaptive,50,4,9.20888552102943,0.0,9.995767150877802,3.379708369438346,8.0,0.3705,17.93833909497554,10.965784284662087,True,exact
porto,2000,yes_only,adaptive,50,6,10.323958357169245,0.0,10.635718120331047,1.560302686194408,2.0,0.696,24.122233678058702,10.965784284662087,True,exact
porto,2000,yes_only,adaptive,50,8,10.491772937050913,0.0,10.744833837499545,1.38896606072455,2.0,0.788,29.286971835301504,10.965784284662087,True,exact
porto,2000,yes_only,adaptive,100,1,4.418512710537709,0.0,6.247927513443585,93.52444368973816,116.0,0.0095,6.658211482751795,10.965784284662087,True,exact
porto,2000,yes_only,adaptive,100,2,6.343325912609335,0.0,8.129283016944967,24.63194032220167,60.0,0.0695,12.302353326431202,10.965784284662087,True,exact
porto,2000,yes_only,adaptive,100,3,8.051161918018177,0.0,9.303780748177102,7.540302313435442,27.0,0.1985,17.347335887665054,10.965784284662087,True,exact
porto,2000,yes_only,adaptive,100,4,9.321575451550197,0.0,10.038918989292302,3.1257639487851834,8.0,0.386,21.962955295740947,10.965784284662087,True,exact
porto,2000,yes_only,adaptive,100,6,10.436648287690012,0.0,10.663558104217273,1.4430647122697347,2.0,0.7115,30.24380250159601,10.965784284662087,True,exact
porto,2000,yes_only,adaptive,100,8,10.60446286757168,0.0,10.77066389291676,1.2846019727496403,2.0,0.8035,37.565293808367514,10.965784284662087,True,exact
porto,2000,yes_only,adaptive,300,1,4.418512710537709,0.0,6.247927513443585,93.52444368973816,116.0,0.0095,8.233619676759702,10.965784284662087,True,exact
porto,2000,yes_only,adaptive,300,2,6.343325912609335,0.0,8.129283016944967,24.63194032220167,60.0,0.0695,15.462470320280266,10.965784284662087,True,exact
porto,2000,yes_only,adaptive,300,3,8.051161918018177,0.0,9.303780748177102,7.540302313435442,27.0,0.1985,22.101574038845733,10.965784284662087,True,exact
porto,2000,yes_only,adaptive,300,4,9.321575451550197,0.0,10.038918989292302,3.1257639487851834,8.0,0.386,28.320840350415992,10.965784284662087,True,exact
porto,2000,yes_only,adaptive,300,6,10.436648287690012,0.0,10.663558104217273,1.4430647122697347,2.0,0.7115,39.838020254490914,10.965784284662087,True,exact
porto,2000,yes_only,adaptive,300,8,10.60446286757168,0.0,10.77066389291676,1.2846019727496403,2.0,0.8035,50.43534805838131,10.965784284662087,True,exact
porto,2000,yes_only,cheap,20,1,0.12401241684478485,0.0,4.392317422778761,1835.2639689866032,1980.0,0.01,4.392317422778761,10.965784284662087,True,exact
porto,2000,yes_only,cheap,20,2,0.12401241684478485,0.0,4.392317422778761,1835.2639689866032,1980.0,0.01,7.721099188707185,10.965784284662087,True,exact
porto,2000,yes_only,cheap,20,3,0.12401241684478485,0.0,4.392317422778761,1835.2639689866032,1980.0,0.01,10.399811959325685,10.965784284662087,True,exact
porto,2000,yes_only,cheap,20,4,0.12401241684478485,0.0,4.392317422778761,1835.2639689866032,1980.0,0.01,12.597121428789569,10.965784284662087,True,exact
porto,2000,yes_only,cheap,20,6,0.12401241684478485,0.0,4.392317422778761,1835.2639689866032,1980.0,0.01,15.88369335851507,10.965784284662087,True,exact
porto,2000,yes_only,cheap,20,8,0.12401241684478485,0.0,4.392317422778761,1835.2639689866032,1980.0,0.01,18.009905140445355,10.965784284662087,True,exact
porto,2000,yes_only,cheap,50,1,0.4134026321320847,0.0,5.672425341971495,1501.700768806673,1930.0,0.015,5.672425341971495,10.965784284662087,True,exact
porto,2000,yes_only,cheap,50,2,0.43240263213208474,0.0,6.129283016944966,1482.0533357047948,1930.0,0.034,10.31741261376487,10.965784284662087,True,exact
porto,2000,yes_only,cheap,50,3,0.43240263213208474,0.0,6.129283016944966,1482.0533357047948,1930.0,0.034,14.34955768662052,10.965784284662087,True,exact
porto,2000,yes_only,cheap,50,4,0.43240263213208474,0.0,6.129283016944966,1482.0533357047948,1930.0,0.034,17.93833909497554,10.965784284662087,True,exact
porto,2000,yes_only,cheap,50,6,0.43240263213208474,0.0,6.129283016944966,1482.0533357047948,1930.0,0.034,24.122233678058702,10.965784284662087,True,exact
porto,2000,yes_only,cheap,50,8,0.43240263213208474,0.0,6.129283016944966,1482.0533357047948,1930.0,0.034,29.286971835301504,10.965784284662087,True,exact
porto,2000,yes_only,cheap,100,1,1.900581659198256,0.0,6.658211482751795,535.6707184515135,1613.0,0.015,6.658211482751795,10.965784284662087,True,exact
porto,2000,yes_only,cheap,100,2,2.2421866479052652,0.0,8.290018846932618,422.7314494938869,1613.0,0.1465,12.302353326431202,10.965784284662087,True,exact
porto,2000,yes_only,cheap,100,3,2.2451866479052653,0.0,8.303780748177102,421.85331748534935,1613.0,0.1495,17.347335887665054,10.965784284662087,True,exact
porto,2000,yes_only,cheap,100,4,2.2451866479052653,0.0,8.303780748177102,421.85331748534935,1613.0,0.1495,21.962955295740947,10.965784284662087,True,exact
porto,2000,yes_only,cheap,100,6,2.2451866479052653,0.0,8.303780748177102,421.85331748534935,1613.0,0.1495,30.24380250159601,10.965784284662087,True,exact
porto,2000,yes_only,cheap,100,8,2.2451866479052653,0.0,8.303780748177102,421.85331748534935,1613.0,0.1495,37.565293808367514,10.965784284662087,True,exact
porto,2000,yes_only,cheap,300,1,7.446327789485078,0.0,7.918863237274595,11.467321099750613,17.0,0.019,8.233619676759702,10.965784284662087,True,exact
porto,2000,yes_only,cheap,300,2,10.477535176817636,0.0,10.672425341971495,1.402741438852588,1.0,0.701,15.462470320280266,10.965784284662087,True,exact
porto,2000,yes_only,cheap,300,3,10.605840311322762,0.0,10.7714894695006,1.2833760570428934,1.0,0.804,22.101574038845733,10.965784284662087,True,exact
porto,2000,yes_only,cheap,300,4,10.60784031132276,0.0,10.77313920671969,1.281598152685944,1.0,0.806,28.320840350415992,10.965784284662087,True,exact
porto,2000,yes_only,cheap,300,6,10.60784031132276,0.0,10.77313920671969,1.281598152685944,1.0,0.806,39.838020254490914,10.965784284662087,True,exact
porto,2000,yes_only,cheap,300,8,10.60784031132276,0.0,10.77313920671969,1.281598152685944,1.0,0.806,50.43534805838131,10.965784284662087,True,exact
geolife,2000,all,adaptive,300,1,0.7832044302828898,0.0,1.0,1162.149418958851,1534.0,0.0,1.0,10.965784284662087,True,exact
geolife,2000,all,adaptive,300,2,1.3041097366530734,0.0,2.0,809.9418641531162,1381.0,0.0,2.0,10.965784284662087,True,exact
geolife,2000,all,adaptive,300,3,1.8218940922606994,0.0,3.0,565.6987576470299,1239.0,0.0,3.0,10.965784284662087,True,exact
geolife,2000,all,adaptive,300,4,2.3085350511217015,0.0,4.0,403.7306297898358,1137.0,0.0,4.0,10.965784284662087,True,exact
geolife,2000,all,adaptive,300,6,3.2126541644396687,0.0,5.977279923499917,215.73704533133244,1028.0,0.0025,6.0,10.965784284662087,True,exact
geolife,2000,all,adaptive,300,8,4.049512141718601,0.0,7.787902559391432,120.78287785775248,18.0,0.052,8.0,10.965784284662087,True,exact
geolife,2000,yes_only,adaptive,20,1,3.0049487788864706,0.0,4.392317422778761,249.14391109816683,45.0,0.0,4.392317422778761,10.965784284662087,True,exact
geolife,2000,yes_only,adaptive,20,2,4.254049016975539,0.0,6.882643049361842,104.81746171880205,9.0,0.017,7.721099188707185,10.965784284662087,True,exact
geolife,2000,yes_only,adaptive,20,3,4.865429004825758,0.0,8.027905996569885,68.61039560157914,4.0,0.073,10.399811959325685,10.965784284662087,True,exact
geolife,2000,yes_only,adaptive,20,4,5.264419534269305,0.0,8.640244936222345,52.03335223316179,2.0,0.1315,12.597121428789569,10.965784284662087,True,exact
geolife,2000,yes_only,adaptive,20,6,5.570312657214643,0.0,9.144658242831882,42.091926232900605,1.0,0.225,15.88369335851507,10.965784284662087,True,exact
geolife,2000,yes_only,adaptive,20,8,5.59600469620727,0.0,9.199672344836364,41.348972899270095,1.0,0.243,18.009905140445355,10.965784284662087,True,exact
geolife,2000,yes_only,adaptive,50,1,3.6089637014422413,0.0,5.672425341971495,163.91687591349807,45.0,0.0,5.672425341971495,10.965784284662087,True,exact
geolife,2000,yes_only,adaptive,50,2,4.959976219286765,0.0,7.6293566200796095,64.25817335908106,9.0,0.0385,10.31741261376487,10.965784284662087,True,exact
geolife,2000,yes_only,adaptive,50,3,5.600098178864668,0.0,8.507794640198696,41.23181619199422,4.0,0.112,14.34955768662052,10.965784284662087,True,exact
geolife,2000,yes_only,adaptive,50,4,6.0020887083082135,0.0,8.980139577639157,31.204789539259792,2.0,0.1735,17.93833909497554,10.965784284662087,True,exact
geolife,2000,yes_only,adaptive,50,6,6.307981831253552,0.0,9.39231742277876,25.242842196944107,1.0,0.267,24.122233678058702,10.965784284662087,True,exact
geolife,2000,yes_only,adaptive,50,8,6.333673870246179,0.0,9.43879185257826,24.79728753981679,1.0,0.285,29.286971835301504,10.965784284662087,True,exact
geolife,2000,yes_only,adaptive,100,1,3.7705921128788855,0.0,6.303780748177103,146.54421143352565,45.0,0.0125,6.658211482751795,10.965784284662087,True,exact
geolife,2000,yes_only,adaptive,100,2,5.124604630723409,0.0,7.839203788096944,57.32846136092447,9.0,0.054,12.302353326431202,10.965784284662087,True,exact
geolife,2000,yes_only,adaptive,100,3,5.7647265903013105,0.0,8.625708843064466,36.78530617723251,4.0,0.1275,17.347335887665054,10.965784284662087,True,exact
geolife,2000,yes_only,adaptive,100,4,6.166717119744857,0.0,9.066089190457772,27.83961133442993,2.0,0.189,21.962955295740947,10.965784284662087,True,exact
geolife,2000,yes_only,adaptive,100,6,6.4726102426901955,0.0,9.457380879072534,22.520610653538196,1.0,0.2825,30.24380250159601,10.965784284662087,True,exact
geolife,2000,yes_only,adaptive,100,8,6.498302281682823,0.0,9.501837184902296,22.12310537739896,1.0,0.3005,37.565293808367514,10.965784284662087,True,exact
geolife,2000,yes_only,adaptive,300,1,3.7705921128788855,0.0,6.303780748177103,146.54421143352565,45.0,0.0125,8.233619676759702,10.965784284662087,True,exact
geolife,2000,yes_only,adaptive,300,2,5.124604630723409,0.0,7.839203788096944,57.32846136092447,9.0,0.054,15.462470320280266,10.965784284662087,True,exact
geolife,2000,yes_only,adaptive,300,3,5.7647265903013105,0.0,8.625708843064466,36.78530617723251,4.0,0.1275,22.101574038845733,10.965784284662087,True,exact
geolife,2000,yes_only,adaptive,300,4,6.166717119744857,0.0,9.066089190457772,27.83961133442993,2.0,0.189,28.320840350415992,10.965784284662087,True,exact
geolife,2000,yes_only,adaptive,300,6,6.4726102426901955,0.0,9.457380879072534,22.520610653538196,1.0,0.2825,39.838020254490914,10.965784284662087,True,exact
geolife,2000,yes_only,adaptive,300,8,6.498302281682823,0.0,9.501837184902296,22.12310537739896,1.0,0.3005,50.43534805838131,10.965784284662087,True,exact
geolife,2000,yes_only,cheap,20,1,0.12401241684478485,0.0,4.392317422778761,1835.2639689866032,1980.0,0.01,4.392317422778761,10.965784284662087,True,exact
geolife,2000,yes_only,cheap,20,2,0.12401241684478485,0.0,4.392317422778761,1835.2639689866032,1980.0,0.01,7.721099188707185,10.965784284662087,True,exact
geolife,2000,yes_only,cheap,20,3,0.12401241684478485,0.0,4.392317422778761,1835.2639689866032,1980.0,0.01,10.399811959325685,10.965784284662087,True,exact
geolife,2000,yes_only,cheap,20,4,0.12401241684478485,0.0,4.392317422778761,1835.2639689866032,1980.0,0.01,12.597121428789569,10.965784284662087,True,exact
geolife,2000,yes_only,cheap,20,6,0.12401241684478485,0.0,4.392317422778761,1835.2639689866032,1980.0,0.01,15.88369335851507,10.965784284662087,True,exact
geolife,2000,yes_only,cheap,20,8,0.12401241684478485,0.0,4.392317422778761,1835.2639689866032,1980.0,0.01,18.009905140445355,10.965784284662087,True,exact
geolife,2000,yes_only,cheap,50,1,0.5337292781858312,0.0,5.672425341971495,1381.5336687005927,1905.0,0.0125,5.672425341971495,10.965784284662087,True,exact
geolife,2000,yes_only,cheap,50,2,0.5709939406923217,0.0,6.357552004618084,1346.3057237382218,1905.0,0.0365,10.31741261376487,10.965784284662087,True,exact
geolife,2000,yes_only,cheap,50,3,0.5709939406923217,0.0,6.357552004618084,1346.3057237382218,1905.0,0.0365,14.34955768662052,10.965784284662087,True,exact
geolife,2000,yes_only,cheap,50,4,0.5709939406923217,0.0,6.357552004618084,1346.3057237382218,1905.0,0.0365,17.93833909497554,10.965784284662087,True,exact
geolife,2000,yes_only,cheap,50,6,0.5709939406923217,0.0,6.357552004618084,1346.3057237382218,1905.0,0.0365,24.122233678058702,10.965784284662087,True,exact
geolife,2000,yes_only,cheap,50,8,0.5709939406923217,0.0,6.357552004618084,1346.3057237382218,1905.0,0.0365,29.286971835301504,10.965784284662087,True,exact
geolife,2000,yes_only,cheap,100,1,1.8015990797198465,0.0,6.658211482751795,573.7129229256758,1643.0,0.0145,6.658211482751795,10.965784284662087,True,exact
geolife,2000,yes_only,cheap,100,2,2.1196009920097287,0.0,8.228818690495881,460.2210916413161,1643.0,0.133,12.302353326431202,10.965784284662087,True,exact
geolife,2000,yes_only,cheap,100,3,2.124355879511892,0.0,8.247927513443585,458.7067748423157,1643.0,0.136,17.347335887665054,10.965784284662087,True,exact
geolife,2000,yes_only,cheap,100,4,2.124355879511892,0.0,8.247927513443585,458.7067748423157,1643.0,0.136,21.962955295740947,10.965784284662087,True,exact
geolife,2000,yes_only,cheap,100,6,2.124355879511892,0.0,8.247927513443585,458.7067748423157,1643.0,0.136,30.24380250159601,10.965784284662087,True,exact
geolife,2000,yes_only,cheap,100,8,2.124355879511892,0.0,8.247927513443585,458.7067748423157,1643.0,0.136,37.565293808367514,10.965784284662087,True,exact
geolife,2000,yes_only,cheap,300,1,5.319568567416052,0.0,7.409390936137702,50.081841898671684,34.0,0.0155,8.233619676759702,10.965784284662087,True,exact
geolife,2000,yes_only,cheap,300,2,6.3355586678195355,0.0,9.250298417906333,24.764912471497656,7.0,0.2195,15.462470320280266,10.965784284662087,True,exact
geolife,2000,yes_only,cheap,300,3,6.478804050471647,0.0,9.469641817239516,22.42413195878489,7.0,0.287,22.101574038845733,10.965784284662087,True,exact
geolife,2000,yes_only,cheap,300,4,6.495924837931741,0.0,9.497851836951117,22.159592506194528,7.0,0.299,28.320840350415992,10.965784284662087,True,exact
geolife,2000,yes_only,cheap,300,6,6.498302281682823,0.0,9.501837184902296,22.12310537739896,7.0,0.3005,39.838020254490914,10.965784284662087,True,exact
geolife,2000,yes_only,cheap,300,8,6.498302281682823,0.0,9.501837184902296,22.12310537739896,7.0,0.3005,50.43534805838131,10.965784284662087,True,exact
