dataset,scope,candidates,zone_side_m,charge,attacker,budget,p10_remaining,p90_remaining,shannon_bits,shannon_ci95,minent_bits,a_eff,median_remaining,share_identified,bound_bits,prior_bits
porto,city,2000,250,all,adaptive,1,384.0,1616.0,0.7913308977174415,0.31915394462475427,1.113782273299634,1155.621621833257,1616.0,0.0,1.0,10.965784284662087
porto,city,2000,250,all,adaptive,2,195.0,1374.0,1.368905786098104,0.4607400647245904,1.994491429970393,774.3695957119376,1374.0,0.0,2.0,10.965784284662087
porto,city,2000,250,all,adaptive,3,95.0,1194.0,2.082912721207481,0.6030892462787985,3.007599603977518,472.07476784161275,1194.0,0.0,3.0,10.965784284662087
porto,city,2000,250,all,adaptive,4,50.5,1020.0,3.0329660039146087,0.6894135630232254,4.051116157768558,244.35219952113275,174.0,0.0,4.0,10.965784284662087
porto,city,2000,250,all,adaptive,6,14.0,802.0,4.760672583195939,0.8704016089666821,6.026651961547844,73.77763824868083,45.0,0.0,6.0,10.965784284662087
porto,city,2000,250,all,adaptive,8,3.0,634.0,6.454058880584735,1.054427323670911,8.024001418995182,22.812069120524153,10.5,0.0,8.0,10.965784284662087
porto,city,2000,250,all,adaptive,10,1.0,524.0,8.221630454216841,1.1630547229442292,9.83757548489565,6.699966260218088,2.5,0.3,10.0,10.965784284662087
porto,city,2000,250,all,adaptive,15,1.0,342.0,9.53389054204856,1.0496982015106344,10.57512892977657,2.6980063477766936,1.0,0.7,15.0,10.965784284662087
porto,city,2000,250,all,adaptive,20,1.0,233.0,9.797727382017479,0.9651608279439935,10.664773222452409,2.2470884337700032,1.0,0.7666666666666667,20.0,10.965784284662087
porto,city,2000,250,yes_only,adaptive,1,12.300000000000002,384.0,4.339350256554881,0.7916641199392208,7.024942101487712,98.79965014934218,174.0,0.03333333333333333,8.233619676759702,10.965784284662087
porto,city,2000,250,yes_only,adaptive,2,1.9000000000000004,195.0,6.1330077525899265,0.8869271987009387,8.353673488086306,28.497758284080902,41.0,0.1,15.462470320280266,10.965784284662087
porto,city,2000,250,yes_only,adaptive,3,1.0,50.00000000000003,7.989463388452536,0.8237216859224958,9.417272459437925,7.869766856434747,6.0,0.26666666666666666,22.101574038845733,10.965784284662087
porto,city,2000,250,yes_only,adaptive,4,1.0,19.300000000000004,9.234289844991174,0.6489559806837949,10.014954412645201,3.320716221445146,3.0,0.4,28.320840350415992,10.965784284662087
porto,city,2000,250,yes_only,adaptive,6,1.0,2.1000000000000014,10.57813906399277,0.2778526509310667,10.717537958681532,1.3082563129681457,1.0,0.7333333333333333,39.838020254490914,10.965784284662087
porto,city,2000,250,yes_only,adaptive,8,1.0,1.1000000000000014,10.846285534638051,0.13428384366099338,10.883322124470114,1.086357352941934,1.0,0.9,50.43534805838131,10.965784284662087
porto,city,2000,250,yes_only,adaptive,10,1.0,1.1000000000000014,10.846285534638051,0.13428384366099338,10.883322124470114,1.086357352941934,1.0,0.9,60.32866264991069,10.965784284662087
porto,city,2000,250,yes_only,adaptive,15,1.0,1.1000000000000014,10.846285534638051,0.13428384366099338,10.883322124470114,1.086357352941934,1.0,0.9,82.74627507386141,10.965784284662087
porto,city,2000,250,yes_only,adaptive,20,1.0,1.1000000000000014,10.846285534638051,0.13428384366099338,10.883322124470114,1.086357352941934,1.0,0.9,102.67088931388761,10.965784284662087
porto,city,2000,250,yes_only,cheap,1,3.0,12.0,8.04043087106901,0.2752245848330133,8.269388577067332,7.596597660257644,8.0,0.0,8.233619676759702,10.965784284662087
porto,city,2000,250,yes_only,cheap,2,1.0,2.1000000000000014,10.682722514784436,0.26292548531835513,10.801259270962364,1.2167744544672612,1.0,0.8333333333333334,15.462470320280266,10.965784284662087
porto,city,2000,250,yes_only,cheap,3,1.0,2.0,10.735554598141809,0.24825309990316322,10.836751713866676,1.1730216871187777,1.0,0.8666666666666667,22.101574038845733,10.965784284662087
porto,city,2000,250,yes_only,cheap,4,1.0,2.0,10.735554598141809,0.24825309990316322,10.836751713866676,1.1730216871187777,1.0,0.8666666666666667,28.320840350415992,10.965784284662087
porto,city,2000,250,yes_only,cheap,6,1.0,2.0,10.735554598141809,0.24825309990316322,10.836751713866676,1.1730216871187777,1.0,0.8666666666666667,39.838020254490914,10.965784284662087
porto,city,2000,250,yes_only,cheap,8,1.0,2.0,10.735554598141809,0.24825309990316322,10.836751713866676,1.1730216871187777,1.0,0.8666666666666667,50.43534805838131,10.965784284662087
porto,city,2000,250,yes_only,cheap,10,1.0,2.0,10.735554598141809,0.24825309990316322,10.836751713866676,1.1730216871187777,1.0,0.8666666666666667,60.32866264991069,10.965784284662087
porto,city,2000,250,yes_only,cheap,15,1.0,2.0,10.735554598141809,0.24825309990316322,10.836751713866676,1.1730216871187777,1.0,0.8666666666666667,82.74627507386141,10.965784284662087
porto,city,2000,250,yes_only,cheap,20,1.0,2.0,10.735554598141809,0.24825309990316322,10.836751713866676,1.1730216871187777,1.0,0.8666666666666667,102.67088931388761,10.965784284662087
porto,city,2000,1000,all,adaptive,1,854.0,1146.0,1.0013991881688422,0.07704277297757614,1.0169739636485418,999.0306268117383,1146.0,0.0,1.0,10.965784284662087
porto,city,2000,1000,all,adaptive,2,363.0,783.0,1.9811807780525355,0.16494032453531943,2.047359679975557,506.56497057486655,431.0,0.0,2.0,10.965784284662087
porto,city,2000,1000,all,adaptive,3,183.5,554.0,2.9420398676859505,0.22212429757148355,3.0501802548255195,260.24820757737706,215.0,0.0,3.0,10.965784284662087
porto,city,2000,1000,all,adaptive,4,91.7,410.0,3.9629029466852517,0.2478997480309038,4.083001267682743,128.2558959372551,107.0,0.0,4.0,10.965784284662087
porto,city,2000,1000,all,adaptive,6,23.0,73.30000000000024,5.8781426677566095,0.34672596449202353,6.073279838670028,34.00421346766112,27.0,0.0,6.0,10.965784284662087
porto,city,2000,1000,all,adaptive,8,6.0,25.90000000000017,7.7613768708708015,0.47720382897256985,8.070276031486852,9.217703829832665,7.0,0.0,8.0,10.965784284662087
porto,city,2000,1000,all,adaptive,10,1.0,11.000000000000114,9.52261617481265,0.6143163030869768,9.985159909858448,2.719173316665897,2.0,0.13333333333333333,10.0,10.965784284662087
porto,city,2000,1000,all,adaptive,15,1.0,2.0,10.560120117947347,0.4208291112149974,10.791343802097282,1.3246986152977025,1.0,0.8333333333333334,15.0,10.965784284662087
porto,city,2000,1000,all,adaptive,20,1.0,1.0,10.899117617995424,0.09078828894720777,10.91687468418114,1.0472941228206267,1.0,0.9333333333333333,20.0,10.965784284662087
porto,city,2000,1000,yes_only,adaptive,1,101.90000000000003,854.0,2.690279990792445,0.7268646031606408,4.914590310350817,309.86678180630133,363.0,0.0,8.233619676759702,10.965784284662087
porto,city,2000,1000,yes_only,adaptive,2,12.700000000000005,423.0,4.694879483229294,0.8740542131254128,7.791346752390528,77.22011519972936,113.5,0.1,15.462470320280266,10.965784284662087
porto,city,2000,1000,yes_only,adaptive,3,1.0,104.4,6.780135494375577,0.8248184896159085,8.582521299566872,18.197253166980108,26.0,0.13333333333333333,22.101574038845733,10.965784284662087
porto,city,2000,1000,yes_only,adaptive,4,1.0,50.2,8.243486582749124,0.8076399076942354,9.56743610918383,6.599230007695762,7.5,0.3,28.320840350415992,10.965784284662087
porto,city,2000,1000,yes_only,adaptive,6,1.0,4.0,10.287043690798322,0.3472770614590073,10.525537539970708,1.600741771448181,1.0,0.6,39.838020254490914,10.965784284662087
porto,city,2000,1000,yes_only,adaptive,8,1.0,1.0,10.899117617995424,0.09078828894720777,10.91687468418114,1.0472941228206267,1.0,0.9333333333333333,50.43534805838131,10.965784284662087
porto,city,2000,1000,yes_only,adaptive,10,1.0,1.0,10.899117617995424,0.09078828894720777,10.91687468418114,1.0472941228206267,1.0,0.9333333333333333,60.32866264991069,10.965784284662087
porto,city,2000,1000,yes_only,adaptive,15,1.0,1.0,10.899117617995424,0.09078828894720777,10.91687468418114,1.0472941228206267,1.0,0.9333333333333333,82.74627507386141,10.965784284662087
porto,city,2000,1000,yes_only,adaptive,20,1.0,1.0,10.899117617995424,0.09078828894720777,10.91687468418114,1.0472941228206267,1.0,0.9333333333333333,102.67088931388761,10.965784284662087
porto,city,2000,1000,yes_only,cheap,1,4.0,65.30000000000075,7.763039078679239,0.7563385229810785,8.503368653171234,9.2070897251674,7.0,0.03333333333333333,8.233619676759702,10.965784284662087
porto,city,2000,1000,yes_only,cheap,2,1.0,56.30000000000077,10.023439709362327,0.9906434253323423,10.787113789500056,1.921648642348171,1.0,0.8666666666666667,15.462470320280266,10.965784284662087
porto,city,2000,1000,yes_only,cheap,3,1.0,56.30000000000077,10.023439709362327,0.9906434253323423,10.787113789500056,1.921648642348171,1.0,0.8666666666666667,22.101574038845733,10.965784284662087
porto,city,2000,1000,yes_only,cheap,4,1.0,56.30000000000077,10.023439709362327,0.9906434253323423,10.787113789500056,1.921648642348171,1.0,0.8666666666666667,28.320840350415992,10.965784284662087
porto,city,2000,1000,yes_only,cheap,6,1.0,56.30000000000077,10.023439709362327,0.9906434253323423,10.787113789500056,1.921648642348171,1.0,0.8666666666666667,39.838020254490914,10.965784284662087
porto,city,2000,1000,yes_only,cheap,8,1.0,56.30000000000077,10.023439709362327,0.9906434253323423,10.787113789500056,1.921648642348171,1.0,0.8666666666666667,50.43534805838131,10.965784284662087
porto,city,2000,1000,yes_only,cheap,10,1.0,56.30000000000077,10.023439709362327,0.9906434253323423,10.787113789500056,1.921648642348171,1.0,0.8666666666666667,60.32866264991069,10.965784284662087
porto,city,2000,1000,yes_only,cheap,15,1.0,56.30000000000077,10.023439709362327,0.9906434253323423,10.787113789500056,1.921648642348171,1.0,0.8666666666666667,82.74627507386141,10.965784284662087
porto,city,2000,1000,yes_only,cheap,20,1.0,56.30000000000077,10.023439709362327,0.9906434253323423,10.787113789500056,1.921648642348171,1.0,0.8666666666666667,102.67088931388761,10.965784284662087
geolife,user128,159,250,all,adaptive,1,58.0,101.0,0.9747636675822494,0.14268482489724307,1.0293512341952633,80.90288739346877,101.0,0.0,1.0,7.312882955284356
geolife,user128,159,250,all,adaptive,2,26.0,83.0,1.6212751671781362,0.2898042812055611,1.8467193700993547,51.68263738578343,83.0,0.0,2.0,7.312882955284356
geolife,user128,159,250,all,adaptive,3,12.0,69.0,2.489175987909258,0.4140599801142289,2.881519323676396,28.319167841993895,18.0,0.0,3.0,7.312882955284356
geolife,user128,159,250,all,adaptive,4,6.9,62.0,3.109502343467637,0.5443442932516185,3.7781477096008564,18.42229138925083,12.0,0.0,4.0,7.312882955284356
geolife,user128,159,250,all,adaptive,6,2.0,51.0,4.263926415609874,0.7766983866683004,5.440186369387394,8.27613133488787,5.5,0.06666666666666667,6.0,7.312882955284356
geolife,user128,159,250,all,adaptive,8,1.0,43.0,5.39392242916316,0.7899480875768153,6.424311164766519,3.781504999043402,2.0,0.43333333333333335,8.0,7.312882955284356
geolife,user128,159,250,all,adaptive,10,1.0,37.0,5.791808644322159,0.7093823285676252,6.6097261497820945,2.8700468970271604,1.0,0.5333333333333333,10.0,7.312882955284356
geolife,user128,159,250,all,adaptive,15,1.0,10.10000000000003,6.174252772414225,0.5928149837760146,6.756144092438863,2.2017187403334493,1.0,0.6,15.0,7.312882955284356
geolife,user128,159,250,all,adaptive,20,1.0,8.0,6.354386705212239,0.5239225775415226,6.823844874561735,1.9432833157261469,1.0,0.6333333333333333,20.0,7.312882955284356
geolife,user128,159,250,yes_only,adaptive,1,3.8000000000000007,58.0,3.405259964864576,0.6957100302172791,4.70605449951307,15.007616794174615,16.0,0.06666666666666667,8.233619676759702,7.312882955284356
geolife,user128,159,250,yes_only,adaptive,2,1.0,32.0,4.874606857767521,0.6749581048527827,5.876136190670281,5.419937057737156,5.5,0.23333333333333334,15.462470320280266,7.312882955284356
geolife,user128,159,250,yes_only,adaptive,3,1.0,8.600000000000009,5.678487873721723,0.504732724649276,6.252720104549779,3.104573487127167,4.0,0.3333333333333333,22.101574038845733,7.312882955284356
geolife,user128,159,250,yes_only,adaptive,4,1.0,8.0,6.235843599949243,0.5212676761936087,6.729753885040239,2.109702184000531,1.0,0.5666666666666667,28.320840350415992,7.312882955284356
geolife,user128,159,250,yes_only,adaptive,6,1.0,8.0,6.362755430684497,0.5163179039114729,6.824356105977747,1.9320434300290867,1.0,0.6333333333333333,39.838020254490914,7.312882955284356
geolife,user128,159,250,yes_only,adaptive,8,1.0,8.0,6.362755430684497,0.5163179039114729,6.824356105977747,1.9320434300290867,1.0,0.6333333333333333,50.43534805838131,7.312882955284356
geolife,user128,159,250,yes_only,adaptive,10,1.0,8.0,6.362755430684497,0.5163179039114729,6.824356105977747,1.9320434300290867,1.0,0.6333333333333333,60.32866264991069,7.312882955284356
geolife,user128,159,250,yes_only,adaptive,15,1.0,8.0,6.362755430684497,0.5163179039114729,6.824356105977747,1.9320434300290867,1.0,0.6333333333333333,82.74627507386141,7.312882955284356
geolife,user128,159,250,yes_only,adaptive,20,1.0,8.0,6.362755430684497,0.5163179039114729,6.824356105977747,1.9320434300290867,1.0,0.6333333333333333,102.67088931388761,7.312882955284356
geolife,user128,159,250,yes_only,cheap,1,1.0,8.0,5.5418366846033615,0.43645554276209164,5.972715278604332,3.413013854211395,3.0,0.13333333333333333,8.233619676759702,7.312882955284356
geolife,user128,159,250,yes_only,cheap,2,1.0,8.0,6.262755430684496,0.5120206705839763,6.737452216735851,2.0707128767727707,1.0,0.5666666666666667,15.462470320280266,7.312882955284356
geolife,user128,159,250,yes_only,cheap,3,1.0,8.0,6.362755430684497,0.5163179039114729,6.824356105977747,1.9320434300290867,1.0,0.6333333333333333,22.101574038845733,7.312882955284356
geolife,user128,159,250,yes_only,cheap,4,1.0,8.0,6.362755430684497,0.5163179039114729,6.824356105977747,1.9320434300290867,1.0,0.6333333333333333,28.320840350415992,7.312882955284356
geolife,user128,159,250,yes_only,cheap,6,1.0,8.0,6.362755430684497,0.5163179039114729,6.824356105977747,1.9320434300290867,1.0,0.6333333333333333,39.838020254490914,7.312882955284356
geolife,user128,159,250,yes_only,cheap,8,1.0,8.0,6.362755430684497,0.5163179039114729,6.824356105977747,1.9320434300290867,1.0,0.6333333333333333,50.43534805838131,7.312882955284356
geolife,user128,159,250,yes_only,cheap,10,1.0,8.0,6.362755430684497,0.5163179039114729,6.824356105977747,1.9320434300290867,1.0,0.6333333333333333,60.32866264991069,7.312882955284356
geolife,user128,159,250,yes_only,cheap,15,1.0,8.0,6.362755430684497,0.5163179039114729,6.824356105977747,1.9320434300290867,1.0,0.6333333333333333,82.74627507386141,7.312882955284356
geolife,user128,159,250,yes_only,cheap,20,1.0,8.0,6.362755430684497,0.5163179039114729,6.824356105977747,1.9320434300290867,1.0,0.6333333333333333,102.67088931388761,7.312882955284356
geolife,user128,159,1000,all,adaptive,1,79.0,80.0,0.9988187106381053,0.003272993110632982,0.9988467528016429,79.56512184504018,80.0,0.0,1.0,7.312882955284356
geolife,user128,159,1000,all,adaptive,2,25.0,55.0,1.9446253525169952,0.15655419944203067,2.0114635816089903,41.30537438456693,46.0,0.0,2.0,7.312882955284356
geolife,user128,159,1000,all,adaptive,3,11.0,44.0,2.891759358004052,0.26916217963159955,3.0710468308973455,21.42351940964803,21.0,0.0,3.0,7.312882955284356
geolife,user128,159,1000,all,adaptive,4,5.0,37.0,3.8486172163302568,0.37505832678588763,4.1541522952793715,11.036920146222002,10.0,0.0,4.0,7.312882955284356
geolife,user128,159,1000,all,adaptive,6,1.0,13.500000000000021,5.493275665216542,0.5305071132295128,6.055927105017165,3.5298510085217703,2.5,0.16666666666666666,6.0,7.312882955284356
geolife,user128,159,1000,all,adaptive,8,1.0,12.0,6.178503773816,0.5649898797344185,6.734175727510403,2.195240771326087,1.0,0.5666666666666667,8.0,7.312882955284356
geolife,user128,159,1000,all,adaptive,10,1.0,12.0,6.257490352025288,0.5495058548975111,6.783347513896988,2.0782836968187133,1.0,0.6,10.0,7.312882955284356
geolife,user128,159,1000,all,adaptive,15,1.0,12.0,6.2935282441161355,0.5255955934598455,6.78728622111259,2.027012114537279,1.0,0.6,15.0,7.312882955284356
geolife,user128,159,1000,all,adaptive,20,1.0,12.0,6.2935282441161355,0.5255955934598455,6.78728622111259,2.027012114537279,1.0,0.6,20.0,7.312882955284356
geolife,user128,159,1000,yes_only,adaptive,1,7.0,79.0,2.6354041193952726,0.5808502464445111,3.509058046428114,25.589478405718353,25.0,0.0,8.233619676759702,7.312882955284356
geolife,user128,159,1000,yes_only,adaptive,2,2.0,46.0,4.01792538801029,0.6037413281656959,4.933221352084451,9.814791139927705,12.0,0.03333333333333333,15.462470320280266,7.312882955284356
geolife,user128,159,1000,yes_only,adaptive,3,1.0,23.0,5.290929776886554,0.6070181345958676,6.1107608268136095,4.061332593788577,5.0,0.3,22.101574038845733,7.312882955284356
geolife,user128,159,1000,yes_only,adaptive,4,1.0,12.0,5.833068871075567,0.5376865798698344,6.439281864864446,2.789127882979676,2.0,0.4,28.320840350415992,7.312882955284356
geolife,user128,159,1000,yes_only,adaptive,6,1.0,12.0,6.260194910782802,0.5210729136790226,6.752250880530665,2.0743912767786274,1.0,0.5666666666666667,39.838020254490914,7.312882955284356
geolife,user128,159,1000,yes_only,adaptive,8,1.0,12.0,6.2935282441161355,0.5255955934598455,6.78728622111259,2.027012114537279,1.0,0.6,50.43534805838131,7.312882955284356
geolife,user128,159,1000,yes_only,adaptive,10,1.0,12.0,6.2935282441161355,0.5255955934598455,6.78728622111259,2.027012114537279,1.0,0.6,60.32866264991069,7.312882955284356
geolife,user128,159,1000,yes_only,adaptive,15,1.0,12.0,6.2935282441161355,0.5255955934598455,6.78728622111259,2.027012114537279,1.0,0.6,82.74627507386141,7.312882955284356
geolife,user128,159,1000,yes_only,adaptive,20,1.0,12.0,6.2935282441161355,0.5255955934598455,6.78728622111259,2.027012114537279,1.0,0.6,102.67088931388761,7.312882955284356
geolife,user128,159,1000,yes_only,cheap,1,1.0,12.0,5.3382845865885304,0.4499861201002975,5.836680227308736,3.9301881183483394,4.0,0.13333333333333333,8.233619676759702,7.312882955284356
geolife,user128,159,1000,yes_only,cheap,2,1.0,12.0,6.172066371123645,0.5469989580114076,6.721786910380096,2.205057970097825,1.0,0.5666666666666667,15.462470320280266,7.312882955284356
geolife,user128,159,1000,yes_only,cheap,3,1.0,12.0,6.2935282441161355,0.5255955934598455,6.78728622111259,2.027012114537279,1.0,0.6,22.101574038845733,7.312882955284356
geolife,user128,159,1000,yes_only,cheap,4,1.0,12.0,6.2935282441161355,0.5255955934598455,6.78728622111259,2.027012114537279,1.0,0.6,28.320840350415992,7.312882955284356
geolife,user128,159,1000,yes_only,cheap,6,1.0,12.0,6.2935282441161355,0.5255955934598455,6.78728622111259,2.027012114537279,1.0,0.6,39.838020254490914,7.312882955284356
geolife,user128,159,1000,yes_only,cheap,8,1.0,12.0,6.2935282441161355,0.5255955934598455,6.78728622111259,2.027012114537279,1.0,0.6,50.43534805838131,7.312882955284356
geolife,user128,159,1000,yes_only,cheap,10,1.0,12.0,6.2935282441161355,0.5255955934598455,6.78728622111259,2.027012114537279,1.0,0.6,60.32866264991069,7.312882955284356
geolife,user128,159,1000,yes_only,cheap,15,1.0,12.0,6.2935282441161355,0.5255955934598455,6.78728622111259,2.027012114537279,1.0,0.6,82.74627507386141,7.312882955284356
geolife,user128,159,1000,yes_only,cheap,20,1.0,12.0,6.2935282441161355,0.5255955934598455,6.78728622111259,2.027012114537279,1.0,0.6,102.67088931388761,7.312882955284356
geolife,user153,670,250,all,adaptive,1,292.0,378.0,1.0368116514839933,0.06716800681660086,1.048449582635736,326.5603070728875,292.0,0.0,1.0,9.388017285345136
geolife,user153,670,250,all,adaptive,2,133.0,198.0,2.0387733694666648,0.07623976058319995,2.0540828415734875,163.05828271064894,159.0,0.0,2.0,9.388017285345136
geolife,user153,670,250,all,adaptive,3,45.0,150.0,2.9413233534593592,0.28971190213500636,3.2970609720392883,87.22645978772076,88.0,0.0,3.0,9.388017285345136
geolife,user153,670,250,all,adaptive,4,21.600000000000005,141.0,3.8021721761508336,0.4226487022800639,4.391624937120214,48.02937430794083,54.0,0.0,4.0,9.388017285345136
geolife,user153,670,250,all,adaptive,6,3.0,129.0,5.310945237431847,0.6852875943590915,6.3281188422638035,16.87799993611817,14.0,0.0,6.0,9.388017285345136
geolife,user153,670,250,all,adaptive,8,2.0,121.0,6.166376978506945,0.7885180462380634,7.317704821429454,9.328468891680261,6.5,0.06666666666666667,8.0,9.388017285345136
geolife,user153,670,250,all,adaptive,10,1.0,115.0,6.788249305559004,0.9421580362239295,8.252352375018067,6.061891289086913,3.5,0.36666666666666664,10.0,9.388017285345136
geolife,user153,670,250,all,adaptive,15,1.0,105.0,6.8111358494068295,0.9287469403601051,8.252836657612,5.966485746826114,3.5,0.36666666666666664,15.0,9.388017285345136
geolife,user153,670,250,all,adaptive,20,1.0,96.0,7.052181768921698,0.8888248154512535,8.354190295997375,5.048432517143702,3.0,0.4,20.0,9.388017285345136
geolife,user153,670,250,yes_only,adaptive,1,9.0,378.0,2.520251952458291,0.7791337805860954,4.772556094487072,116.78938416180786,133.0,0.0,8.233619676759702,9.388017285345136
geolife,user153,670,250,yes_only,adaptive,2,4.800000000000001,198.0,3.9604167822959253,0.7925878155397142,6.168890364492365,43.03983085488719,81.0,0.06666666666666667,15.462470320280266,9.388017285345136
geolife,user153,670,250,yes_only,adaptive,3,1.0,87.0,5.387992172050498,0.8399179354216348,7.214255711071313,16.000278517774053,25.0,0.13333333333333333,22.101574038845733,9.388017285345136
geolife,user153,670,250,yes_only,adaptive,4,1.0,87.0,6.07317607575076,0.7797585663376486,7.487496137842652,9.950997908312313,11.0,0.16666666666666666,28.320840350415992,9.388017285345136
geolife,user153,670,250,yes_only,adaptive,6,1.0,87.0,6.957677639654511,0.8536427245421481,8.197886360941792,5.390203143725195,3.0,0.3,39.838020254490914,9.388017285345136
geolife,user153,670,250,yes_only,adaptive,8,1.0,87.0,7.0678569962059585,0.8781890597621572,8.35438833704084,4.993877004320533,3.0,0.4,50.43534805838131,9.388017285345136
geolife,user153,670,250,yes_only,adaptive,10,1.0,87.0,7.071117636238021,0.8769271067069212,8.354614636378692,4.982603070626126,3.0,0.4,60.32866264991069,9.388017285345136
geolife,user153,670,250,yes_only,adaptive,15,1.0,87.0,7.071117636238021,0.8769271067069212,8.354614636378692,4.982603070626126,3.0,0.4,82.74627507386141,9.388017285345136
geolife,user153,670,250,yes_only,adaptive,20,1.0,87.0,7.071117636238021,0.8769271067069212,8.354614636378692,4.982603070626126,3.0,0.4,102.67088931388761,9.388017285345136
geolife,user153,670,250,yes_only,cheap,1,1.0,100.0,5.4307762288795205,0.8830814953779225,7.248100015332884,15.532746629004265,25.0,0.13333333333333333,8.233619676759702,9.388017285345136
geolife,user153,670,250,yes_only,cheap,2,1.0,87.0,6.359317453202099,0.9463782949967678,8.007609070435011,8.160739169836942,5.5,0.26666666666666666,15.462470320280266,9.388017285345136
geolife,user153,670,250,yes_only,cheap,3,1.0,87.0,6.671453071673696,0.9472936603307064,8.235199185809567,6.573055714528537,3.0,0.36666666666666664,22.101574038845733,9.388017285345136
geolife,user153,670,250,yes_only,cheap,4,1.0,87.0,6.930133902757064,0.9100657904209085,8.330463105582306,5.494100810951608,3.0,0.4,28.320840350415992,9.388017285345136
geolife,user153,670,250,yes_only,cheap,6,1.0,87.0,7.060637247611742,0.8811420722942603,8.353934427653595,5.018930741156785,3.0,0.4,39.838020254490914,9.388017285345136
geolife,user153,670,250,yes_only,cheap,8,1.0,87.0,7.071117636238021,0.8769271067069212,8.354614636378692,4.982603070626126,3.0,0.4,50.43534805838131,9.388017285345136
geolife,user153,670,250,yes_only,cheap,10,1.0,87.0,7.071117636238021,0.8769271067069212,8.354614636378692,4.982603070626126,3.0,0.4,60.32866264991069,9.388017285345136
geolife,user153,670,250,yes_only,cheap,15,1.0,87.0,7.071117636238021,0.8769271067069212,8.354614636378692,4.982603070626126,3.0,0.4,82.74627507386141,9.388017285345136
geolife,user153,670,250,yes_only,cheap,20,1.0,87.0,7.071117636238021,0.8769271067069212,8.354614636378692,4.982603070626126,3.0,0.4,102.67088931388761,9.388017285345136
geolife,user153,670,1000,all,adaptive,1,316.0,354.0,0.980480829294299,0.028733505426734175,0.982661718343519,339.56323537597046,354.0,0.0,1.0,9.388017285345136
geolife,user153,670,1000,all,adaptive,2,150.0,183.0,1.9776172500993197,0.03539630051521463,1.9809439021436837,170.11894880906047,171.0,0.0,2.0,9.388017285345136
geolife,user153,670,1000,all,adaptive,3,70.00000000000001,97.0,3.024066740362135,0.12906924085071467,3.0740338558621443,82.36448835671172,93.0,0.0,3.0,9.388017285345136
geolife,user153,670,1000,all,adaptive,4,30.800000000000004,77.0,3.9724730329270432,0.2994717943357896,4.363464330342634,42.68165615815673,43.0,0.0,4.0,9.388017285345136
geolife,user153,670,1000,all,adaptive,6,5.800000000000001,59.0,5.589431717214393,0.5214013579048371,6.3602600812501136,13.915159768601102,14.5,0.03333333333333333,6.0,9.388017285345136
geolife,user153,670,1000,all,adaptive,8,1.0,47.90000000000001,6.967563765985656,0.7971726549754199,8.11928479401815,5.353392824025493,3.0,0.26666666666666666,8.0,9.388017285345136
geolife,user153,670,1000,all,adaptive,10,1.0,39.800000000000026,7.406245706262289,0.827461487322481,8.536165103020098,3.9497780306231927,2.0,0.5,10.0,9.388017285345136
geolife,user153,670,1000,all,adaptive,15,1.0,34.400000000000034,7.456013706638293,0.8218704647058074,8.558618333662656,3.815847667657873,1.5,0.5,15.0,9.388017285345136
geolife,user153,670,1000,all,adaptive,20,1.0,34.400000000000034,7.4658622360891655,0.8176050782674812,8.559337455642805,3.789887567135481,1.5,0.5,20.0,9.388017285345136
geolife,user153,670,1000,yes_only,adaptive,1,11.0,316.0,2.6151984224371754,0.6644980058748624,4.047712444823233,109.35071647941281,171.0,0.0,8.233619676759702,9.388017285345136
geolife,user153,670,1000,yes_only,adaptive,2,3.9000000000000004,166.0,4.17143823064361,0.6847428327011105,5.616704180534552,37.18320065317392,49.0,0.0,15.462470320280266,9.388017285345136
geolife,user153,670,1000,yes_only,adaptive,3,1.0,75.0,5.899271728231612,0.8193098048880569,7.495200810057884,11.225793781220103,20.5,0.16666666666666666,22.101574038845733,9.388017285345136
geolife,user153,670,1000,yes_only,adaptive,4,1.0,35.30000000000003,6.826195941969607,0.8207542605535824,8.144965088898086,5.904526388449424,5.5,0.3333333333333333,28.320840350415992,9.388017285345136
geolife,user153,670,1000,yes_only,adaptive,6,1.0,34.400000000000034,7.426864736041089,0.8108403957424795,8.514764480226411,3.8937291943648114,2.0,0.4666666666666667,39.838020254490914,9.388017285345136
geolife,user153,670,1000,yes_only,adaptive,8,1.0,34.400000000000034,7.4658622360891655,0.8176050782674812,8.559337455642805,3.789887567135481,1.5,0.5,50.43534805838131,9.388017285345136
geolife,user153,670,1000,yes_only,adaptive,10,1.0,34.400000000000034,7.4658622360891655,0.8176050782674812,8.559337455642805,3.789887567135481,1.5,0.5,60.32866264991069,9.388017285345136
geolife,user153,670,1000,yes_only,adaptive,15,1.0,34.400000000000034,7.4658622360891655,0.8176050782674812,8.559337455642805,3.789887567135481,1.5,0.5,82.74627507386141,9.388017285345136
geolife,user153,670,1000,yes_only,adaptive,20,1.0,34.400000000000034,7.4658622360891655,0.8176050782674812,8.559337455642805,3.789887567135481,1.5,0.5,102.67088931388761,9.388017285345136
geolife,user153,670,1000,yes_only,cheap,1,1.0,82.70000000000002,5.804052393509243,0.7714216593220312,7.320474134732207,11.99170499085411,15.0,0.16666666666666666,8.233619676759702,9.388017285345136
geolife,user153,670,1000,yes_only,cheap,2,1.0,34.400000000000034,7.263027619334219,0.8088121938345726,8.395218929669694,4.3619996856527,2.0,0.4,15.462470320280266,9.388017285345136
geolife,user153,670,1000,yes_only,cheap,3,1.0,34.400000000000034,7.4658622360891655,0.8176050782674812,8.559337455642805,3.789887567135481,1.5,0.5,22.101574038845733,9.388017285345136
geolife,user153,670,1000,yes_only,cheap,4,1.0,34.400000000000034,7.4658622360891655,0.8176050782674812,8.559337455642805,3.789887567135481,1.5,0.5,28.320840350415992,9.388017285345136
geolife,user153,670,1000,yes_only,cheap,6,1.0,34.400000000000034,7.4658622360891655,0.8176050782674812,8.559337455642805,3.789887567135481,1.5,0.5,39.838020254490914,9.388017285345136
geolife,user153,670,1000,yes_only,cheap,8,1.0,34.400000000000034,7.4658622360891655,0.8176050782674812,8.559337455642805,3.789887567135481,1.5,0.5,50.43534805838131,9.388017285345136
geolife,user153,670,1000,yes_only,cheap,10,1.0,34.400000000000034,7.4658622360891655,0.8176050782674812,8.559337455642805,3.789887567135481,1.5,0.5,60.32866264991069,9.388017285345136
geolife,user153,670,1000,yes_only,cheap,15,1.0,34.400000000000034,7.4658622360891655,0.8176050782674812,8.559337455642805,3.789887567135481,1.5,0.5,82.74627507386141,9.388017285345136
geolife,user153,670,1000,yes_only,cheap,20,1.0,34.400000000000034,7.4658622360891655,0.8176050782674812,8.559337455642805,3.789887567135481,1.5,0.5,102.67088931388761,9.388017285345136
geolife,user163,276,250,all,adaptive,1,135.0,141.0,1.004523365743221,0.011314805316865182,1.0048576400779072,137.5679981609605,135.0,0.0,1.0,8.108524456778168
geolife,user163,276,250,all,adaptive,2,67.0,68.60000000000001,2.0216867535655085,0.015277242102057735,2.022283227901325,67.97054112147063,67.0,0.0,2.0,8.108524456778168
geolife,user163,276,250,all,adaptive,3,32.0,35.0,3.0121211233905227,0.036850047666190114,3.0155070035053226,34.21135482987244,33.5,0.0,3.0,8.108524456778168
geolife,user163,276,250,all,adaptive,4,16.0,21.0,3.9287449423999488,0.09452221827303849,3.949085198252085,18.12337217645852,17.0,0.0,4.0,8.108524456778168
geolife,user163,276,250,all,adaptive,6,4.0,7.0,5.761912158059705,0.24653941183665945,5.8696382433423135,5.08628498533264,4.0,0.0,6.0,8.108524456778168
geolife,user163,276,250,all,adaptive,8,1.0,2.0,7.644562348869012,0.4113222428082366,7.879193354612583,1.3793246936696912,1.0,0.7666666666666667,8.0,8.108524456778168
geolife,user163,276,250,all,adaptive,10,1.0,1.0,7.82532928921526,0.3856620705173099,8.01440227941362,1.2168869677812246,1.0,0.9333333333333333,10.0,8.108524456778168
geolife,user163,276,250,all,adaptive,15,1.0,1.0,7.981612626042913,0.2487471882410967,8.063163923378294,1.0919538097385157,1.0,0.9666666666666667,15.0,8.108524456778168
geolife,user163,276,250,all,adaptive,20,1.0,1.0,7.9851764661734626,0.24176206158521799,8.063436567249632,1.0892597225799339,1.0,0.9666666666666667,20.0,8.108524456778168
geolife,user163,276,250,yes_only,adaptive,1,63.40000000000001,135.0,1.7878113540125085,0.510637410197358,3.670853855207126,79.93265489285488,135.0,0.03333333333333333,8.233619676759702,8.108524456778168
geolife,user163,276,250,yes_only,adaptive,2,1.0,67.0,3.936920449925304,0.7659357751379,5.811213636605833,18.020960556155927,35.0,0.16666666666666666,15.462470320280266,8.108524456778168
geolife,user163,276,250,yes_only,adaptive,3,1.0,33.0,5.257309278569964,0.6514418340857656,6.399637370070067,7.216079226229675,9.0,0.23333333333333334,22.101574038845733,8.108524456778168
geolife,user163,276,250,yes_only,adaptive,4,1.0,16.0,6.382615946271771,0.549001582981378,7.04354893680496,3.307883695412585,3.0,0.3333333333333333,28.320840350415992,8.108524456778168
geolife,user163,276,250,yes_only,adaptive,6,1.0,4.0,7.75184313284013,0.3178280707853534,7.920100874286458,1.2804769862779055,1.0,0.8333333333333334,39.838020254490914,8.108524456778168
geolife,user163,276,250,yes_only,adaptive,8,1.0,1.0,7.9851764661734626,0.24176206158521799,8.063436567249632,1.0892597225799339,1.0,0.9666666666666667,50.43534805838131,8.108524456778168
geolife,user163,276,250,yes_only,adaptive,10,1.0,1.0,7.9851764661734626,0.24176206158521799,8.063436567249632,1.0892597225799339,1.0,0.9666666666666667,60.32866264991069,8.108524456778168
geolife,user163,276,250,yes_only,adaptive,15,1.0,1.0,7.9851764661734626,0.24176206158521799,8.063436567249632,1.0892597225799339,1.0,0.9666666666666667,82.74627507386141,8.108524456778168
geolife,user163,276,250,yes_only,adaptive,20,1.0,1.0,7.9851764661734626,0.24176206158521799,8.063436567249632,1.0892597225799339,1.0,0.9666666666666667,102.67088931388761,8.108524456778168
geolife,user163,276,250,yes_only,cheap,1,1.0,15.0,5.457216281334023,0.5236379145732117,6.256246275755352,6.282366788344254,12.0,0.13333333333333333,8.233619676759702,8.108524456778168
geolife,user163,276,250,yes_only,cheap,2,1.0,3.0,7.471287612842281,0.3419909872332083,7.700539309035787,1.5553473886205835,1.0,0.6333333333333333,15.462470320280266,8.108524456778168
geolife,user163,276,250,yes_only,cheap,3,1.0,1.0,7.9851764661734626,0.24176206158521799,8.063436567249632,1.0892597225799339,1.0,0.9666666666666667,22.101574038845733,8.108524456778168
geolife,user163,276,250,yes_only,cheap,4,1.0,1.0,7.9851764661734626,0.24176206158521799,8.063436567249632,1.0892597225799339,1.0,0.9666666666666667,28.320840350415992,8.108524456778168
geolife,user163,276,250,yes_only,cheap,6,1.0,1.0,7.9851764661734626,0.24176206158521799,8.063436567249632,1.0892597225799339,1.0,0.9666666666666667,39.838020254490914,8.108524456778168
geolife,user163,276,250,yes_only,cheap,8,1.0,1.0,7.9851764661734626,0.24176206158521799,8.063436567249632,1.0892597225799339,1.0,0.9666666666666667,50.43534805838131,8.108524456778168
geolife,user163,276,250,yes_only,cheap,10,1.0,1.0,7.9851764661734626,0.24176206158521799,8.063436567249632,1.0892597225799339,1.0,0.9666666666666667,60.32866264991069,8.108524456778168
geolife,user163,276,250,yes_only,cheap,15,1.0,1.0,7.9851764661734626,0.24176206158521799,8.063436567249632,1.0892597225799339,1.0,0.9666666666666667,82.74627507386141,8.108524456778168
geolife,user163,276,250,yes_only,cheap,20,1.0,1.0,7.9851764661734626,0.24176206158521799,8.063436567249632,1.0892597225799339,1.0,0.9666666666666667,102.67088931388761,8.108524456778168
geolife,user163,276,1000,all,adaptive,1,137.0,139.0,0.9979469799598539,0.0037281703074903707,0.9979833789110639,138.19652001249162,139.0,0.0,1.0,8.108524456778168
geolife,user163,276,1000,all,adaptive,2,65.0,74.0,1.9727297416757303,0.025612400682247464,1.9744525417563472,70.31666366875986,69.0,0.0,2.0,8.108524456778168
geolife,user163,276,1000,all,adaptive,3,34.0,40.0,2.962183382640542,0.03585192410770104,2.9655036390375176,35.41628723585049,35.0,0.0,3.0,8.108524456778168
geolife,user163,276,1000,all,adaptive,4,14.8,27.0,3.951139869069579,0.12479289555062992,3.991014723656943,17.844215703279467,16.0,0.0,4.0,8.108524456778168
geolife,user163,276,1000,all,adaptive,6,4.0,17.0,5.412139986028387,0.31233869474712994,5.654326741149394,6.481754912995677,6.0,0.0,6.0,8.108524456778168
geolife,user163,276,1000,all,adaptive,8,1.0,12.0,6.633870796698486,0.5159959268273058,7.212033368605282,2.77916917962644,2.0,0.4,8.0,8.108524456778168
geolife,user163,276,1000,all,adaptive,10,1.0,9.0,6.856270368120207,0.47534959353262674,7.346764296216881,2.3821332050805784,2.0,0.4666666666666667,10.0,8.108524456778168
geolife,user163,276,1000,all,adaptive,15,1.0,8.0,6.888577255552348,0.45776076654155545,7.352928314289225,2.329381922237934,2.0,0.4666666666666667,15.0,8.108524456778168
geolife,user163,276,1000,all,adaptive,20,1.0,8.0,6.888577255552348,0.45776076654155545,7.352928314289225,2.329381922237934,2.0,0.4666666666666667,20.0,8.108524456778168
geolife,user163,276,1000,yes_only,adaptive,1,63.10000000000002,139.0,1.7938715396143685,0.5632392337502676,3.772029936533834,79.59759395891625,139.0,0.03333333333333333,8.233619676759702,8.108524456778168
geolife,user163,276,1000,yes_only,adaptive,2,3.700000000000001,65.0,3.864422050640437,0.6371396623579545,5.349322007241738,18.94969083883592,34.0,0.1,15.462470320280266,8.108524456778168
geolife,user163,276,1000,yes_only,adaptive,3,1.0,35.0,5.087082956215547,0.6035972086726114,6.090422200628802,8.119784848576248,8.0,0.13333333333333333,22.101574038845733,8.108524456778168
geolife,user163,276,1000,yes_only,adaptive,4,1.0,17.0,5.970453200559821,0.6056617540754238,6.864115400237616,4.401731838239096,7.0,0.3333333333333333,28.320840350415992,8.108524456778168
geolife,user163,276,1000,yes_only,adaptive,6,1.0,8.100000000000001,6.748982358571029,0.48104943241069015,7.2700794762496175,2.5660372227465102,2.0,0.43333333333333335,39.838020254490914,8.108524456778168
geolife,user163,276,1000,yes_only,adaptive,8,1.0,8.0,6.888577255552348,0.45776076654155545,7.352928314289225,2.329381922237934,2.0,0.4666666666666667,50.43534805838131,8.108524456778168
geolife,user163,276,1000,yes_only,adaptive,10,1.0,8.0,6.888577255552348,0.45776076654155545,7.352928314289225,2.329381922237934,2.0,0.4666666666666667,60.32866264991069,8.108524456778168
geolife,user163,276,1000,yes_only,adaptive,15,1.0,8.0,6.888577255552348,0.45776076654155545,7.352928314289225,2.329381922237934,2.0,0.4666666666666667,82.74627507386141,8.108524456778168
geolife,user163,276,1000,yes_only,adaptive,20,1.0,8.0,6.888577255552348,0.45776076654155545,7.352928314289225,2.329381922237934,2.0,0.4666666666666667,102.67088931388761,8.108524456778168
geolife,user163,276,1000,yes_only,cheap,1,1.0,28.0,4.8551708429959435,0.568295952468473,5.907720846188914,9.535797595157046,15.0,0.13333333333333333,8.233619676759702,8.108524456778168
geolife,user163,276,1000,yes_only,cheap,2,1.0,17.0,6.192339101741307,0.5555608079584841,6.937308231381329,3.774237880179367,5.0,0.3333333333333333,15.462470320280266,8.108524456778168
geolife,user163,276,1000,yes_only,cheap,3,1.0,14.0,6.4873514352094155,0.5159734544398816,7.0994505119551645,3.076250573342606,4.0,0.36666666666666664,22.101574038845733,8.108524456778168
geolife,user163,276,1000,yes_only,cheap,4,1.0,8.300000000000004,6.842634093688618,0.4834546350582292,7.34460065286162,2.404755742605017,2.0,0.4666666666666667,28.320840350415992,8.108524456778168
geolife,user163,276,1000,yes_only,cheap,6,1.0,8.0,6.888577255552348,0.45776076654155545,7.352928314289225,2.329381922237934,2.0,0.4666666666666667,39.838020254490914,8.108524456778168
geolife,user163,276,1000,yes_only,cheap,8,1.0,8.0,6.888577255552348,0.45776076654155545,7.352928314289225,2.329381922237934,2.0,0.4666666666666667,50.43534805838131,8.108524456778168
geolife,user163,276,1000,yes_only,cheap,10,1.0,8.0,6.888577255552348,0.45776076654155545,7.352928314289225,2.329381922237934,2.0,0.4666666666666667,60.32866264991069,8.108524456778168
geolife,user163,276,1000,yes_only,cheap,15,1.0,8.0,6.888577255552348,0.45776076654155545,7.352928314289225,2.329381922237934,2.0,0.4666666666666667,82.74627507386141,8.108524456778168
geolife,user163,276,1000,yes_only,cheap,20,1.0,8.0,6.888577255552348,0.45776076654155545,7.352928314289225,2.329381922237934,2.0,0.4666666666666667,102.67088931388761,8.108524456778168
geolife,user025,136,250,all,adaptive,1,60.0,76.0,0.9986858894631183,0.06192431647615042,1.0087477112840266,68.06196751487681,76.0,0.0,1.0,7.087462841250339
geolife,user025,136,250,all,adaptive,2,29.0,42.0,1.9626994553520858,0.08316767967372524,1.980566516946483,34.89052463697288,34.0,0.0,2.0,7.087462841250339
geolife,user025,136,250,all,adaptive,3,8.0,34.0,2.9566481981254316,0.24301212780421755,3.1069460883481885,17.51858860692565,16.0,0.0,3.0,7.087462841250339
geolife,user025,136,250,all,adaptive,4,5.0,29.0,3.72212623033777,0.3502487104909898,3.9971009790216177,10.3054572342011,8.0,0.0,4.0,7.087462841250339
geolife,user025,136,250,all,adaptive,6,2.0,23.0,5.403306162053886,0.49336777506670143,5.824512067487575,3.2135249624911006,2.0,0.06666666666666667,6.0,7.087462841250339
geolife,user025,136,250,all,adaptive,8,1.0,19.0,6.046141589009739,0.5704431113779221,6.573793329609468,2.0581116549533682,1.0,0.6,8.0,7.087462841250339
geolife,user025,136,250,all,adaptive,10,1.0,15.0,6.199877428502535,0.4902069528270579,6.607954935340493,1.8500771230422892,1.0,0.6,10.0,7.087462841250339
geolife,user025,136,250,all,adaptive,15,1.0,14.0,6.213148851642657,0.4794145642623166,6.609231515484302,1.8331362115571253,1.0,0.6,15.0,7.087462841250339
geolife,user025,136,250,all,adaptive,20,1.0,14.0,6.213148851642657,0.4794145642623166,6.609231515484302,1.8331362115571253,1.0,0.6,20.0,7.087462841250339
geolife,user025,136,250,yes_only,adaptive,1,4.0,60.0,2.5449381948586387,0.5829317386261207,3.5793027663233348,23.304306021126457,34.0,0.0,8.233619676759702,7.087462841250339
geolife,user025,136,250,yes_only,adaptive,2,1.9000000000000004,29.0,4.066140828674481,0.5816076614356949,4.999700186644777,8.119112373423771,11.5,0.1,15.462470320280266,7.087462841250339
geolife,user025,136,250,yes_only,adaptive,3,1.0,14.0,5.212277796375022,0.4891339280233111,5.7591534486608715,3.66848667497416,3.5,0.16666666666666666,22.101574038845733,7.087462841250339
geolife,user025,136,250,yes_only,adaptive,4,1.0,14.0,5.943921665074297,0.4830835575459891,6.3954001638525115,2.2092262522468844,2.0,0.4666666666666667,28.320840350415992,7.087462841250339
geolife,user025,136,250,yes_only,adaptive,6,1.0,14.0,6.179815518309324,0.4757998222872365,6.575341147414678,1.8759837393814387,1.0,0.5666666666666667,39.838020254490914,7.087462841250339
geolife,user025,136,250,yes_only,adaptive,8,1.0,14.0,6.213148851642657,0.4794145642623166,6.609231515484302,1.8331362115571253,1.0,0.6,50.43534805838131,7.087462841250339
geolife,user025,136,250,yes_only,adaptive,10,1.0,14.0,6.213148851642657,0.4794145642623166,6.609231515484302,1.8331362115571253,1.0,0.6,60.32866264991069,7.087462841250339
geolife,user025,136,250,yes_only,adaptive,15,1.0,14.0,6.213148851642657,0.4794145642623166,6.609231515484302,1.8331362115571253,1.0,0.6,82.74627507386141,7.087462841250339
geolife,user025,136,250,yes_only,adaptive,20,1.0,14.0,6.213148851642657,0.4794145642623166,6.609231515484302,1.8331362115571253,1.0,0.6,102.67088931388761,7.087462841250339
geolife,user025,136,250,yes_only,cheap,1,2.0,14.0,4.472411043097249,0.37071263979020735,4.889124190514034,6.126451946989783,6.5,0.03333333333333333,8.233619676759702,7.087462841250339
geolife,user025,136,250,yes_only,cheap,2,1.0,14.0,6.001820518213171,0.4683381049155466,6.41852194788983,2.1223201811534116,2.0,0.4666666666666667,15.462470320280266,7.087462841250339
geolife,user025,136,250,yes_only,cheap,3,1.0,14.0,6.213148851642657,0.4794145642623166,6.609231515484302,1.8331362115571253,1.0,0.6,22.101574038845733,7.087462841250339
geolife,user025,136,250,yes_only,cheap,4,1.0,14.0,6.213148851642657,0.4794145642623166,6.609231515484302,1.8331362115571253,1.0,0.6,28.320840350415992,7.087462841250339
geolife,user025,136,250,yes_only,cheap,6,1.0,14.0,6.213148851642657,0.4794145642623166,6.609231515484302,1.8331362115571253,1.0,0.6,39.838020254490914,7.087462841250339
geolife,user025,136,250,yes_only,cheap,8,1.0,14.0,6.213148851642657,0.4794145642623166,6.609231515484302,1.8331362115571253,1.0,0.6,50.43534805838131,7.087462841250339
geolife,user025,136,250,yes_only,cheap,10,1.0,14.0,6.213148851642657,0.4794145642623166,6.609231515484302,1.8331362115571253,1.0,0.6,60.32866264991069,7.087462841250339
geolife,user025,136,250,yes_only,cheap,15,1.0,14.0,6.213148851642657,0.4794145642623166,6.609231515484302,1.8331362115571253,1.0,0.6,82.74627507386141,7.087462841250339
geolife,user025,136,250,yes_only,cheap,20,1.0,14.0,6.213148851642657,0.4794145642623166,6.609231515484302,1.8331362115571253,1.0,0.6,102.67088931388761,7.087462841250339
geolife,user025,136,1000,all,adaptive,1,68.0,68.0,1.0,0.0,1.0,67.9999999999999,68.0,0.0,1.0,7.087462841250339
geolife,user025,136,1000,all,adaptive,2,33.0,35.0,1.9946320676069265,0.010326646271834257,1.9949114175760787,34.126741726937254,34.0,0.0,2.0,7.087462841250339
geolife,user025,136,1000,all,adaptive,3,13.9,22.0,2.9288145507223375,0.09878832484261903,2.9551078865575775,17.85985287120422,20.0,0.0,3.0,7.087462841250339
geolife,user025,136,1000,all,adaptive,4,6.0,13.100000000000001,3.875669059181883,0.16452471918241038,3.9508984956869706,9.265018018991539,10.0,0.0,4.0,7.087462841250339
geolife,user025,136,1000,all,adaptive,6,1.0,7.0,5.670021889904327,0.3317749762464304,5.9434103649750325,2.6711128919545897,2.5,0.16666666666666666,6.0,7.087462841250339
geolife,user025,136,1000,all,adaptive,8,1.0,4.200000000000003,6.388220177133674,0.32265737041947384,6.605238446118442,1.6236522404579332,1.0,0.5333333333333333,8.0,7.087462841250339
geolife,user025,136,1000,all,adaptive,10,1.0,4.0,6.481798674535594,0.2923748645572647,6.661698935378437,1.5216791202593212,1.0,0.5666666666666667,10.0,7.087462841250339
geolife,user025,136,1000,all,adaptive,15,1.0,4.0,6.481798674535594,0.2923748645572647,6.661698935378437,1.5216791202593212,1.0,0.5666666666666667,15.0,7.087462841250339
geolife,user025,136,1000,all,adaptive,20,1.0,4.0,6.481798674535594,0.2923748645572647,6.661698935378437,1.5216791202593212,1.0,0.5666666666666667,20.0,7.087462841250339
geolife,user025,136,1000,yes_only,adaptive,1,8.500000000000002,68.0,2.1618441933584434,0.505014514946928,2.9540485613938747,30.39197758330768,34.0,0.0,8.233619676759702,7.087462841250339
geolife,user025,136,1000,yes_only,adaptive,2,3.8000000000000007,35.0,3.732377508665435,0.503828111928212,4.350497247084133,10.23248986404694,10.0,0.0,15.462470320280266,7.087462841250339
geolife,user025,136,1000,yes_only,adaptive,3,1.0,13.0,5.184443752151822,0.5285527309922387,5.850785341867119,3.739950276035534,4.0,0.26666666666666666,22.101574038845733,7.087462841250339
geolife,user025,136,1000,yes_only,adaptive,4,1.0,6.0,6.076891843704189,0.38841216355583824,6.413963665927525,2.0147083343577634,2.0,0.4666666666666667,28.320840350415992,7.087462841250339
geolife,user025,136,1000,yes_only,adaptive,6,1.0,4.0,6.481798674535594,0.2923748645572647,6.661698935378437,1.5216791202593212,1.0,0.5666666666666667,39.838020254490914,7.087462841250339
geolife,user025,136,1000,yes_only,adaptive,8,1.0,4.0,6.481798674535594,0.2923748645572647,6.661698935378437,1.5216791202593212,1.0,0.5666666666666667,50.43534805838131,7.087462841250339
geolife,user025,136,1000,yes_only,adaptive,10,1.0,4.0,6.481798674535594,0.2923748645572647,6.661698935378437,1.5216791202593212,1.0,0.5666666666666667,60.32866264991069,7.087462841250339
geolife,user025,136,1000,yes_only,adaptive,15,1.0,4.0,6.481798674535594,0.2923748645572647,6.661698935378437,1.5216791202593212,1.0,0.5666666666666667,82.74627507386141,7.087462841250339
geolife,user025,136,1000,yes_only,adaptive,20,1.0,4.0,6.481798674535594,0.2923748645572647,6.661698935378437,1.5216791202593212,1.0,0.5666666666666667,102.67088931388761,7.087462841250339
geolife,user025,136,1000,yes_only,cheap,1,1.0,10.100000000000001,4.865168263530773,0.4003109293534946,5.361856111430415,4.6663501839385635,7.0,0.13333333333333333,8.233619676759702,7.087462841250339
geolife,user025,136,1000,yes_only,cheap,2,1.0,4.200000000000003,6.149222677085597,0.31771739888059763,6.381645945654797,1.91618939624658,2.0,0.36666666666666664,15.462470320280266,7.087462841250339
geolife,user025,136,1000,yes_only,cheap,3,1.0,4.0,6.481798674535594,0.2923748645572647,6.661698935378437,1.5216791202593212,1.0,0.5666666666666667,22.101574038845733,7.087462841250339
geolife,user025,136,1000,yes_only,cheap,4,1.0,4.0,6.481798674535594,0.2923748645572647,6.661698935378437,1.5216791202593212,1.0,0.5666666666666667,28.320840350415992,7.087462841250339
geolife,user025,136,1000,yes_only,cheap,6,1.0,4.0,6.481798674535594,0.2923748645572647,6.661698935378437,1.5216791202593212,1.0,0.5666666666666667,39.838020254490914,7.087462841250339
geolife,user025,136,1000,yes_only,cheap,8,1.0,4.0,6.481798674535594,0.2923748645572647,6.661698935378437,1.5216791202593212,1.0,0.5666666666666667,50.43534805838131,7.087462841250339
geolife,user025,136,1000,yes_only,cheap,10,1.0,4.0,6.481798674535594,0.2923748645572647,6.661698935378437,1.5216791202593212,1.0,0.5666666666666667,60.32866264991069,7.087462841250339
geolife,user025,136,1000,yes_only,cheap,15,1.0,4.0,6.481798674535594,0.2923748645572647,6.661698935378437,1.5216791202593212,1.0,0.5666666666666667,82.74627507386141,7.087462841250339
geolife,user025,136,1000,yes_only,cheap,20,1.0,4.0,6.481798674535594,0.2923748645572647,6.661698935378437,1.5216791202593212,1.0,0.5666666666666667,102.67088931388761,7.087462841250339
geolife,user062,135,250,all,adaptive,1,51.0,84.0,0.9004657985142502,0.12006989086630697,0.9404431553195453,72.32135477773123,84.0,0.0,1.0,7.076815597050831
geolife,user062,135,250,all,adaptive,2,29.0,55.0,1.9914110860516145,0.1818493161033629,2.083842930238928,33.951525910292325,29.0,0.0,2.0,7.076815597050831
geolife,user062,135,250,all,adaptive,3,10.0,45.0,2.9555734269216996,0.2836167707417797,3.1541866987671896,17.40273522368302,17.0,0.0,3.0,7.076815597050831
geolife,user062,135,250,all,adaptive,4,4.0,36.0,3.85586531628216,0.3252045823157613,4.0839497502509605,9.32400824862064,8.0,0.0,4.0,7.076815597050831
geolife,user062,135,250,all,adaptive,6,1.0,8.900000000000027,5.585469691194324,0.450218044136574,5.946896636860889,2.811511417901244,2.0,0.13333333333333333,6.0,7.076815597050831
geolife,user062,135,250,all,adaptive,8,1.0,8.40000000000002,6.132677023941546,0.5019745660421366,6.55321785942309,1.9240397074697395,1.0,0.5666666666666667,8.0,7.076815597050831
geolife,user062,135,250,all,adaptive,10,1.0,3.1000000000000014,6.4023266715110765,0.36389588344206075,6.647926963980109,1.5960312787610538,1.0,0.6,10.0,7.076815597050831
geolife,user062,135,250,all,adaptive,15,1.0,3.0,6.571908766219422,0.28412221812967475,6.738333573502611,1.4190317122491394,1.0,0.6666666666666666,15.0,7.076815597050831
geolife,user062,135,250,all,adaptive,20,1.0,3.0,6.571908766219422,0.28412221812967475,6.738333573502611,1.4190317122491394,1.0,0.6666666666666666,20.0,7.076815597050831
geolife,user062,135,250,yes_only,adaptive,1,4.700000000000001,51.0,2.6368398871963685,0.5483494504771126,3.8345627161525435,21.70530379157233,29.0,0.03333333333333333,8.233619676759702,7.076815597050831
geolife,user062,135,250,yes_only,adaptive,2,1.0,25.0,4.521292467310726,0.5244033683720376,5.262108271971646,5.8788058363855225,8.0,0.13333333333333333,15.462470320280266,7.076815597050831
geolife,user062,135,250,yes_only,adaptive,3,1.0,8.400000000000006,5.821422993791763,0.4212074503299922,6.206281801735347,2.3873210637528124,2.0,0.3333333333333333,22.101574038845733,7.076815597050831
geolife,user062,135,250,yes_only,adaptive,4,1.0,5.0,6.398212206802801,0.3238541552268502,6.617913441925806,1.6005895444636318,1.0,0.5666666666666667,28.320840350415992,7.076815597050831
geolife,user062,135,250,yes_only,adaptive,6,1.0,3.0,6.571908766219422,0.28412221812967475,6.738333573502611,1.4190317122491394,1.0,0.6666666666666666,39.838020254490914,7.076815597050831
geolife,user062,135,250,yes_only,adaptive,8,1.0,3.0,6.571908766219422,0.28412221812967475,6.738333573502611,1.4190317122491394,1.0,0.6666666666666666,50.43534805838131,7.076815597050831
geolife,user062,135,250,yes_only,adaptive,10,1.0,3.0,6.571908766219422,0.28412221812967475,6.738333573502611,1.4190317122491394,1.0,0.6666666666666666,60.32866264991069,7.076815597050831
geolife,user062,135,250,yes_only,adaptive,15,1.0,3.0,6.571908766219422,0.28412221812967475,6.738333573502611,1.4190317122491394,1.0,0.6666666666666666,82.74627507386141,7.076815597050831
geolife,user062,135,250,yes_only,adaptive,20,1.0,3.0,6.571908766219422,0.28412221812967475,6.738333573502611,1.4190317122491394,1.0,0.6666666666666666,102.67088931388761,7.076815597050831
geolife,user062,135,250,yes_only,cheap,1,2.0,6.0,5.27278081107015,0.2903732449121778,5.51254295509686,3.4919545608454357,4.0,0.06666666666666667,8.233619676759702,7.076815597050831
geolife,user062,135,250,yes_only,cheap,2,1.0,3.0,6.498820596954675,0.2898485155317519,6.675074920385445,1.492773209829772,1.0,0.6,15.462470320280266,7.076815597050831
geolife,user062,135,250,yes_only,cheap,3,1.0,3.0,6.571908766219422,0.28412221812967475,6.738333573502611,1.4190317122491394,1.0,0.6666666666666666,22.101574038845733,7.076815597050831
geolife,user062,135,250,yes_only,cheap,4,1.0,3.0,6.571908766219422,0.28412221812967475,6.738333573502611,1.4190317122491394,1.0,0.6666666666666666,28.320840350415992,7.076815597050831
geolife,user062,135,250,yes_only,cheap,6,1.0,3.0,6.571908766219422,0.28412221812967475,6.738333573502611,1.4190317122491394,1.0,0.6666666666666666,39.838020254490914,7.076815597050831
geolife,user062,135,250,yes_only,cheap,8,1.0,3.0,6.571908766219422,0.28412221812967475,6.738333573502611,1.4190317122491394,1.0,0.6666666666666666,50.43534805838131,7.076815597050831
geolife,user062,135,250,yes_only,cheap,10,1.0,3.0,6.571908766219422,0.28412221812967475,6.738333573502611,1.4190317122491394,1.0,0.6666666666666666,60.32866264991069,7.076815597050831
geolife,user062,135,250,yes_only,cheap,15,1.0,3.0,6.571908766219422,0.28412221812967475,6.738333573502611,1.4190317122491394,1.0,0.6666666666666666,82.74627507386141,7.076815597050831
geolife,user062,135,250,yes_only,cheap,20,1.0,3.0,6.571908766219422,0.28412221812967475,6.738333573502611,1.4190317122491394,1.0,0.6666666666666666,102.67088931388761,7.076815597050831
geolife,user062,135,1000,all,adaptive,1,63.0,72.0,0.9839486267854769,0.03434951509424902,0.9870609442925019,68.25519592703034,72.0,0.0,1.0,7.076815597050831
geolife,user062,135,1000,all,adaptive,2,27.0,38.0,2.0072824571408217,0.061238393884452194,2.0174806999840715,33.58006551580021,34.0,0.0,2.0,7.076815597050831
geolife,user062,135,1000,all,adaptive,3,11.0,23.200000000000003,3.0888314751280195,0.1667769826239164,3.1586831914364395,15.867293057892665,15.0,0.0,3.0,7.076815597050831
geolife,user062,135,1000,all,adaptive,4,5.0,15.200000000000003,3.963889150436954,0.24990868742765102,4.117581396367922,8.651357021702413,7.5,0.0,4.0,7.076815597050831
geolife,user062,135,1000,all,adaptive,6,1.0,8.100000000000001,5.6074945766289,0.41476916092016886,5.987533299987708,2.7689154871291337,2.0,0.2,6.0,7.076815597050831
geolife,user062,135,1000,all,adaptive,8,1.0,8.0,6.343388429863928,0.4528559284022763,6.696784547599901,1.6625839243431497,1.0,0.7,8.0,7.076815597050831
geolife,user062,135,1000,all,adaptive,10,1.0,8.0,6.343388429863928,0.4528559284022763,6.696784547599901,1.6625839243431497,1.0,0.7,10.0,7.076815597050831
geolife,user062,135,1000,all,adaptive,15,1.0,8.0,6.343388429863928,0.4528559284022763,6.696784547599901,1.6625839243431497,1.0,0.7,15.0,7.076815597050831
geolife,user062,135,1000,all,adaptive,20,1.0,8.0,6.343388429863928,0.4528559284022763,6.696784547599901,1.6625839243431497,1.0,0.7,20.0,7.076815597050831
geolife,user062,135,1000,yes_only,adaptive,1,10.700000000000001,72.0,1.8672089973927741,0.5059458919702221,2.8206431500127853,37.00393011691645,72.0,0.0,8.233619676759702,7.076815597050831
geolife,user062,135,1000,yes_only,adaptive,2,3.0,34.0,3.3015174076907816,0.5428277843704965,4.325950963724305,13.69235017820005,15.0,0.06666666666666667,15.462470320280266,7.076815597050831
geolife,user062,135,1000,yes_only,adaptive,3,1.0,15.0,4.73803621543025,0.550171581530412,5.556839175818713,5.058744521953922,7.5,0.23333333333333334,22.101574038845733,7.076815597050831
geolife,user062,135,1000,yes_only,adaptive,4,1.0,8.100000000000001,5.509775624318094,0.46151568199068727,6.024571058458453,2.962961689644352,4.0,0.3333333333333333,28.320840350415992,7.076815597050831
geolife,user062,135,1000,yes_only,adaptive,6,1.0,8.0,6.243388429863928,0.4444878301615706,6.5997171296397354,1.781913329350436,1.0,0.6,39.838020254490914,7.076815597050831
geolife,user062,135,1000,yes_only,adaptive,8,1.0,8.0,6.343388429863928,0.4528559284022763,6.696784547599901,1.6625839243431497,1.0,0.7,50.43534805838131,7.076815597050831
geolife,user062,135,1000,yes_only,adaptive,10,1.0,8.0,6.343388429863928,0.4528559284022763,6.696784547599901,1.6625839243431497,1.0,0.7,60.32866264991069,7.076815597050831
geolife,user062,135,1000,yes_only,adaptive,15,1.0,8.0,6.343388429863928,0.4528559284022763,6.696784547599901,1.6625839243431497,1.0,0.7,82.74627507386141,7.076815597050831
geolife,user062,135,1000,yes_only,adaptive,20,1.0,8.0,6.343388429863928,0.4528559284022763,6.696784547599901,1.6625839243431497,1.0,0.7,102.67088931388761,7.076815597050831
geolife,user062,135,1000,yes_only,cheap,1,1.0,13.0,4.898250637910454,0.4660849639440352,5.467490048018119,4.527030288633234,4.0,0.13333333333333333,8.233619676759702,7.076815597050831
geolife,user062,135,1000,yes_only,cheap,2,1.0,8.0,6.315719263245338,0.4612381058020181,6.6863162160950225,1.6947780323846193,1.0,0.7,15.462470320280266,7.076815597050831
geolife,user062,135,1000,yes_only,cheap,3,1.0,8.0,6.343388429863928,0.4528559284022763,6.696784547599901,1.6625839243431497,1.0,0.7,22.101574038845733,7.076815597050831
geolife,user062,135,1000,yes_only,cheap,4,1.0,8.0,6.343388429863928,0.4528559284022763,6.696784547599901,1.6625839243431497,1.0,0.7,28.320840350415992,7.076815597050831
geolife,user062,135,1000,yes_only,cheap,6,1.0,8.0,6.343388429863928,0.4528559284022763,6.696784547599901,1.6625839243431497,1.0,0.7,39.838020254490914,7.076815597050831
geolife,user062,135,1000,yes_only,cheap,8,1.0,8.0,6.343388429863928,0.4528559284022763,6.696784547599901,1.6625839243431497,1.0,0.7,50.43534805838131,7.076815597050831
geolife,user062,135,1000,yes_only,cheap,10,1.0,8.0,6.343388429863928,0.4528559284022763,6.696784547599901,1.6625839243431497,1.0,0.7,60.32866264991069,7.076815597050831
geolife,user062,135,1000,yes_only,cheap,15,1.0,8.0,6.343388429863928,0.4528559284022763,6.696784547599901,1.6625839243431497,1.0,0.7,82.74627507386141,7.076815597050831
geolife,user062,135,1000,yes_only,cheap,20,1.0,8.0,6.343388429863928,0.4528559284022763,6.696784547599901,1.6625839243431497,1.0,0.7,102.67088931388761,7.076815597050831
geolife,user144,80,250,all,adaptive,1,15.0,65.0,0.7226557253428952,0.30798205771900067,1.0365258760251133,48.478473600973295,65.0,0.0,1.0,6.321928094887363
geolife,user144,80,250,all,adaptive,2,8.0,53.0,1.2952986000224327,0.42681466961952014,1.8665522654404296,32.596146050848624,53.0,0.0,2.0,6.321928094887363
geolife,user144,80,250,all,adaptive,3,3.9000000000000004,45.0,2.056991653587954,0.5761301034623092,3.018581425741725,19.2253297915997,45.0,0.0,3.0,6.321928094887363
geolife,user144,80,250,all,adaptive,4,1.9000000000000004,38.0,2.8851293676406877,0.6523495115041175,4.038795250170715,10.828779386244289,7.0,0.1,4.0,6.321928094887363
geolife,user144,80,250,all,adaptive,6,1.0,33.0,3.659766897180385,0.7994743144696175,4.962726613574283,6.329805622804126,5.0,0.26666666666666666,6.0,6.321928094887363
geolife,user144,80,250,all,adaptive,8,1.0,31.0,3.890084800873609,0.8414369472322983,5.258286564465769,5.395824009436339,5.0,0.43333333333333335,8.0,6.321928094887363
geolife,user144,80,250,all,adaptive,10,1.0,29.0,3.9317781041526407,0.8248969673383224,5.2611907058501055,5.242118587395693,5.0,0.43333333333333335,10.0,6.321928094887363
geolife,user144,80,250,all,adaptive,15,1.0,24.0,4.355750285110164,0.7690768497406663,5.4499281459488556,3.907315656364699,2.0,0.5,15.0,6.321928094887363
geolife,user144,80,250,all,adaptive,20,1.0,22.0,4.401778275207579,0.7483508695507962,5.453590740048236,3.784623588637244,2.0,0.5,20.0,6.321928094887363
geolife,user144,80,250,yes_only,adaptive,1,7.0,22.0,2.7985350618743046,0.4150653792902296,3.5129692871271687,11.498653560713866,15.0,0.06666666666666667,8.233619676759702,6.321928094887363
geolife,user144,80,250,yes_only,adaptive,2,1.0,22.0,4.008957113688995,0.6669220749164704,4.986194200474969,4.969053177103572,5.0,0.26666666666666666,15.462470320280266,6.321928094887363
geolife,user144,80,250,yes_only,adaptive,3,1.0,22.0,4.315612858516873,0.7285050199740102,5.347350691767269,4.0175479321750345,3.0,0.43333333333333335,22.101574038845733,6.321928094887363
geolife,user144,80,250,yes_only,adaptive,4,1.0,22.0,4.401778275207579,0.7483508695507962,5.453590740048236,3.784623588637244,2.0,0.5,28.320840350415992,6.321928094887363
geolife,user144,80,250,yes_only,adaptive,6,1.0,22.0,4.401778275207579,0.7483508695507962,5.453590740048236,3.784623588637244,2.0,0.5,39.838020254490914,6.321928094887363
geolife,user144,80,250,yes_only,adaptive,8,1.0,22.0,4.401778275207579,0.7483508695507962,5.453590740048236,3.784623588637244,2.0,0.5,50.43534805838131,6.321928094887363
geolife,user144,80,250,yes_only,adaptive,10,1.0,22.0,4.401778275207579,0.7483508695507962,5.453590740048236,3.784623588637244,2.0,0.5,60.32866264991069,6.321928094887363
geolife,user144,80,250,yes_only,adaptive,15,1.0,22.0,4.401778275207579,0.7483508695507962,5.453590740048236,3.784623588637244,2.0,0.5,82.74627507386141,6.321928094887363
geolife,user144,80,250,yes_only,adaptive,20,1.0,22.0,4.401778275207579,0.7483508695507962,5.453590740048236,3.784623588637244,2.0,0.5,102.67088931388761,6.321928094887363
geolife,user144,80,250,yes_only,cheap,1,1.0,22.0,4.135111608540912,0.6710255290492115,5.051178723925562,4.552996929277552,2.5,0.23333333333333334,8.233619676759702,6.321928094887363
geolife,user144,80,250,yes_only,cheap,2,1.0,22.0,4.401778275207579,0.7483508695507962,5.453590740048236,3.784623588637244,2.0,0.5,15.462470320280266,6.321928094887363
geolife,user144,80,250,yes_only,cheap,3,1.0,22.0,4.401778275207579,0.7483508695507962,5.453590740048236,3.784623588637244,2.0,0.5,22.101574038845733,6.321928094887363
geolife,user144,80,250,yes_only,cheap,4,1.0,22.0,4.401778275207579,0.7483508695507962,5.453590740048236,3.784623588637244,2.0,0.5,28.320840350415992,6.321928094887363
geolife,user144,80,250,yes_only,cheap,6,1.0,22.0,4.401778275207579,0.7483508695507962,5.453590740048236,3.784623588637244,2.0,0.5,39.838020254490914,6.321928094887363
geolife,user144,80,250,yes_only,cheap,8,1.0,22.0,4.401778275207579,0.7483508695507962,5.453590740048236,3.784623588637244,2.0,0.5,50.43534805838131,6.321928094887363
geolife,user144,80,250,yes_only,cheap,10,1.0,22.0,4.401778275207579,0.7483508695507962,5.453590740048236,3.784623588637244,2.0,0.5,60.32866264991069,6.321928094887363
geolife,user144,80,250,yes_only,cheap,15,1.0,22.0,4.401778275207579,0.7483508695507962,5.453590740048236,3.784623588637244,2.0,0.5,82.74627507386141,6.321928094887363
geolife,user144,80,250,yes_only,cheap,20,1.0,22.0,4.401778275207579,0.7483508695507962,5.453590740048236,3.784623588637244,2.0,0.5,102.67088931388761,6.321928094887363
geolife,user144,80,1000,all,adaptive,1,39.0,41.0,0.9956409974301407,0.013012687500977402,0.9960849499966171,40.12103997850428,41.0,0.0,1.0,6.321928094887363
geolife,user144,80,1000,all,adaptive,2,18.000000000000004,30.0,1.8986952403641462,0.17965219056593648,1.9969288013076791,21.45486405359944,22.0,0.0,2.0,6.321928094887363
geolife,user144,80,1000,all,adaptive,3,6.0,23.0,2.715894158548053,0.2614370465983978,2.912530848898932,12.176553470926757,12.0,0.0,3.0,6.321928094887363
geolife,user144,80,1000,all,adaptive,4,4.0,18.0,3.6443566884401575,0.3091612169081758,3.9227818091023017,6.397780101956501,6.0,0.03333333333333333,4.0,6.321928094887363
geolife,user144,80,1000,all,adaptive,6,1.0,11.0,4.996510128948865,0.4678909320078457,5.476551888491548,2.5060548060171013,2.0,0.4,6.0,6.321928094887363
geolife,user144,80,1000,all,adaptive,8,1.0,6.0,5.337277349963331,0.4154416004840946,5.709220603683302,1.9788342084225894,1.0,0.5333333333333333,8.0,6.321928094887363
geolife,user144,80,1000,all,adaptive,10,1.0,6.0,5.513703408270926,0.3998332159593326,5.84353725836425,1.751055349080232,1.0,0.6333333333333333,10.0,6.321928094887363
geolife,user144,80,1000,all,adaptive,15,1.0,6.0,5.591101011433838,0.38966644906443526,5.89616418901546,1.6595902463870018,1.0,0.6666666666666666,15.0,6.321928094887363
geolife,user144,80,1000,all,adaptive,20,1.0,6.0,5.591101011433838,0.38966644906443526,5.89616418901546,1.6595902463870018,1.0,0.6666666666666666,20.0,6.321928094887363
geolife,user144,80,1000,yes_only,adaptive,1,2.0,41.0,2.416306321166974,0.6592402816750922,3.7030066925498355,14.98681359472604,41.0,0.06666666666666667,8.233619676759702,6.321928094887363
geolife,user144,80,1000,yes_only,adaptive,2,1.0,22.0,4.048747882972501,0.6188676944818202,4.91869461793299,4.833875151536022,5.5,0.23333333333333334,15.462470320280266,6.321928094887363
geolife,user144,80,1000,yes_only,adaptive,3,1.0,6.0,5.129645153404492,0.47505862423868983,5.61262652961472,2.2851406117381656,1.5,0.5,22.101574038845733,6.321928094887363
geolife,user144,80,1000,yes_only,adaptive,4,1.0,6.0,5.504935594743133,0.39813588754878587,5.835699547751566,1.7617295898720438,1.0,0.6333333333333333,28.320840350415992,6.321928094887363
geolife,user144,80,1000,yes_only,adaptive,6,1.0,6.0,5.591101011433838,0.38966644906443526,5.89616418901546,1.6595902463870018,1.0,0.6666666666666666,39.838020254490914,6.321928094887363
geolife,user144,80,1000,yes_only,adaptive,8,1.0,6.0,5.591101011433838,0.38966644906443526,5.89616418901546,1.6595902463870018,1.0,0.6666666666666666,50.43534805838131,6.321928094887363
geolife,user144,80,1000,yes_only,adaptive,10,1.0,6.0,5.591101011433838,0.38966644906443526,5.89616418901546,1.6595902463870018,1.0,0.6666666666666666,60.32866264991069,6.321928094887363
geolife,user144,80,1000,yes_only,adaptive,15,1.0,6.0,5.591101011433838,0.38966644906443526,5.89616418901546,1.6595902463870018,1.0,0.6666666666666666,82.74627507386141,6.321928094887363
geolife,user144,80,1000,yes_only,adaptive,20,1.0,6.0,5.591101011433838,0.38966644906443526,5.89616418901546,1.6595902463870018,1.0,0.6666666666666666,102.67088931388761,6.321928094887363
geolife,user144,80,1000,yes_only,cheap,1,1.0,6.0,5.391101011433838,0.3664835779709866,5.68805599368526,1.906368585993873,2.0,0.4666666666666667,8.233619676759702,6.321928094887363
geolife,user144,80,1000,yes_only,cheap,2,1.0,6.0,5.591101011433838,0.38966644906443526,5.89616418901546,1.6595902463870018,1.0,0.6666666666666666,15.462470320280266,6.321928094887363
geolife,user144,80,1000,yes_only,cheap,3,1.0,6.0,5.591101011433838,0.38966644906443526,5.89616418901546,1.6595902463870018,1.0,0.6666666666666666,22.101574038845733,6.321928094887363
geolife,user144,80,1000,yes_only,cheap,4,1.0,6.0,5.591101011433838,0.38966644906443526,5.89616418901546,1.6595902463870018,1.0,0.6666666666666666,28.320840350415992,6.321928094887363
geolife,user144,80,1000,yes_only,cheap,6,1.0,6.0,5.591101011433838,0.38966644906443526,5.89616418901546,1.6595902463870018,1.0,0.6666666666666666,39.838020254490914,6.321928094887363
geolife,user144,80,1000,yes_only,cheap,8,1.0,6.0,5.591101011433838,0.38966644906443526,5.89616418901546,1.6595902463870018,1.0,0.6666666666666666,50.43534805838131,6.321928094887363
geolife,user144,80,1000,yes_only,cheap,10,1.0,6.0,5.591101011433838,0.38966644906443526,5.89616418901546,1.6595902463870018,1.0,0.6666666666666666,60.32866264991069,6.321928094887363
geolife,user144,80,1000,yes_only,cheap,15,1.0,6.0,5.591101011433838,0.38966644906443526,5.89616418901546,1.6595902463870018,1.0,0.6666666666666666,82.74627507386141,6.321928094887363
geolife,user144,80,1000,yes_only,cheap,20,1.0,6.0,5.591101011433838,0.38966644906443526,5.89616418901546,1.6595902463870018,1.0,0.6666666666666666,102.67088931388761,6.321928094887363
