scope,users,trips_used,budget_scope,budget,traces,shannon_bits,shannon_ci95,minent_bits,a_eff,top1_identified,bound_bits,prior_bits,within_bound,method
porto,398,10153,trace,1,1,0.09701531636428129,0.019947896671023937,0.9098413837857204,372.11617811466937,0.0,1.0,8.63662462054365,True,monte_carlo_200
porto,398,10153,trace,1,2,0.19156944915232899,0.045450570107909656,1.516399354906834,348.50974124173223,0.005,2.0,8.63662462054365,True,monte_carlo_200
porto,398,10153,trace,1,4,0.3397296118969546,0.07758271600445028,1.8421372315435596,314.49537892972353,0.005,4.0,8.63662462054365,True,monte_carlo_200
porto,398,10153,trace,1,8,0.7765500265041521,0.1478522622150218,3.233271484862627,232.3369163491526,0.025,8.0,8.63662462054365,True,monte_carlo_200
porto,398,10153,trace,2,1,0.1992307310562058,0.05277156962342335,1.4961053683796728,346.66392187646915,0.005,2.0,8.63662462054365,True,monte_carlo_200
porto,398,10153,trace,2,2,0.40712722928460465,0.09481001557944109,2.221020434385082,300.14116505833704,0.01,4.0,8.63662462054365,True,monte_carlo_200
porto,398,10153,trace,2,4,0.9576911892941062,0.15550730453460487,3.4999423895388655,204.92233579539254,0.02,8.0,8.63662462054365,True,monte_carlo_200
porto,398,10153,trace,2,8,1.685895745790578,0.2249833488714257,4.763488401498581,123.70233089775155,0.075,16.0,8.63662462054365,True,monte_carlo_200
porto,398,10153,trace,4,1,0.5819213040948767,0.11478163857841524,2.453420472094718,265.89324510751504,0.015,4.0,8.63662462054365,True,monte_carlo_200
porto,398,10153,trace,4,2,1.1427025640499648,0.13586069063877038,3.322011580002529,180.25832208758032,0.025,8.0,8.63662462054365,True,monte_carlo_200
porto,398,10153,trace,4,4,2.4056540183389457,0.251174053306829,5.296440319345191,75.11195283823022,0.115,16.0,8.63662462054365,True,monte_carlo_200
porto,398,10153,trace,4,8,4.75199107937136,0.3508794250349375,7.171537478387524,14.770364676228478,0.325,32.0,8.63662462054365,True,monte_carlo_200
geolife,50,1381,trace,1,1,0.31078815346556965,0.05906195372105192,1.0370631091978637,40.31006030271594,0.03,1.0,5.643856189774724,True,monte_carlo_200
geolife,50,1381,trace,1,2,0.48290564805514613,0.0883070135149522,1.5972955081197255,35.77675271598326,0.07,2.0,5.643856189774724,True,monte_carlo_200
geolife,50,1381,trace,1,4,0.8279235686849713,0.10632847403985077,1.9823985481915147,28.166972907035095,0.07,4.0,5.643856189774724,True,monte_carlo_200
geolife,50,1381,trace,1,8,1.5637391933179652,0.20477174437514428,3.2338802814207543,16.913660219566932,0.205,8.0,5.643856189774724,True,monte_carlo_200
geolife,50,1381,trace,2,1,0.6432599262323269,0.11222845735796334,1.9165402513999512,32.01322828201062,0.065,2.0,5.643856189774724,True,monte_carlo_200
geolife,50,1381,trace,2,2,0.9830064058799817,0.15108610547708395,2.429689635656904,25.296217704711562,0.11,4.0,5.643856189774724,True,monte_carlo_200
geolife,50,1381,trace,2,4,1.5762824547857441,0.20780111467868467,3.2484263745335924,16.767244752563013,0.195,8.0,5.643856189774724,True,monte_carlo_200
geolife,50,1381,trace,2,8,2.7408587346525373,0.25818184784100195,4.298012856721485,7.479788387841176,0.345,16.0,5.643856189774724,True,monte_carlo_200
geolife,50,1381,trace,4,1,1.1214197310598388,0.18104130689563608,2.6710730513918204,22.98206388509122,0.09,4.0,5.643856189774724,True,monte_carlo_200
geolife,50,1381,trace,4,2,1.8960865092276813,0.26268070134161126,3.6937253565397854,13.433559111610842,0.255,8.0,5.643856189774724,True,monte_carlo_200
geolife,50,1381,trace,4,4,3.057080570392499,0.2805253642577436,4.506330885758352,6.007545288835918,0.435,16.0,5.643856189774724,True,monte_carlo_200
geolife,50,1381,trace,4,8,4.212221212065079,0.25159873036537794,5.090372934518198,2.697522470916772,0.705,32.0,5.643856189774724,True,monte_carlo_200
