scope,users,trips_used,budget_per_trace,traces,shannon_bits,shannon_ci95,minent_bits,a_eff,top1_identified,bound_bits,prior_bits,within_bound,method
porto,398,10153,1,1,0.09892637601012311,0.04557995054412831,0.9242838375797324,371.6235823840467,0.0,1.0,8.63662462054365,True,monte_carlo_40
porto,398,10153,1,2,0.29470347311476885,0.14542928542380681,1.9189956362804097,324.4654710294718,0.0,2.0,8.63662462054365,True,monte_carlo_40
porto,398,10153,1,4,0.22928811403020788,0.08114476748843492,1.209823520419911,339.5161770544605,0.0,4.0,8.63662462054365,True,monte_carlo_40
porto,398,10153,1,8,0.6811657630983543,0.3588112979955118,2.854111969074935,248.2171274652227,0.0,8.0,8.63662462054365,True,monte_carlo_40
porto,398,10153,2,1,0.23612703751013697,0.15975747090729278,1.7136918345495387,337.9105498284663,0.0,2.0,8.63662462054365,True,monte_carlo_40
porto,398,10153,2,2,0.48322406765486825,0.21304554604074047,2.327976693541355,284.7201036406103,0.025,4.0,8.63662462054365,True,monte_carlo_40
porto,398,10153,2,4,0.7903316243234979,0.29242112296122214,3.0993834163988145,230.12804425723405,0.025,8.0,8.63662462054365,True,monte_carlo_40
porto,398,10153,2,8,1.3975224126576604,0.35289625313148354,3.9832341969595233,151.07301835222455,0.1,16.0,8.63662462054365,True,monte_carlo_40
porto,398,10153,4,1,0.5835375767815769,0.2788283728657109,2.6241126743599343,265.5955277546891,0.025,4.0,8.63662462054365,True,monte_carlo_40
porto,398,10153,4,2,1.0392340440767045,0.3370580026673903,3.6154535185524135,193.6611258471109,0.05,8.0,8.63662462054365,True,monte_carlo_40
porto,398,10153,4,4,2.229175257136629,0.4185204072301335,4.716099959200717,84.88568430858413,0.025,16.0,8.63662462054365,True,monte_carlo_40
porto,398,10153,4,8,4.890957098427519,0.8451561615124501,7.277206765692405,13.413999256759883,0.525,32.0,8.63662462054365,True,monte_carlo_40
geolife,24,709,1,1,0.5286238067545126,0.2995845826598266,1.1506499955272116,16.63717632720703,0.05,1.0,4.584962500721156,True,monte_carlo_40
geolife,24,709,1,2,0.3260261150494399,0.16282338601264545,0.9301873020103186,19.145539187906973,0.075,2.0,4.584962500721156,True,monte_carlo_40
geolife,24,709,1,4,1.3301933579132412,0.4162932364037884,2.609163327534073,9.545158424768216,0.275,4.0,4.584962500721156,True,monte_carlo_40
geolife,24,709,1,8,1.9238785661534346,0.47528028815929335,3.1540868052466524,6.3250809090661315,0.5,8.0,4.584962500721156,True,monte_carlo_40
geolife,24,709,2,1,0.7724371762805267,0.3271595672608543,1.6856210272642418,14.050263913037318,0.175,2.0,4.584962500721156,True,monte_carlo_40
geolife,24,709,2,2,0.6639347271208722,0.32652955189979477,1.6153151922074125,15.147709708459534,0.1,4.0,4.584962500721156,True,monte_carlo_40
geolife,24,709,2,4,1.8230822760120171,0.48847151981240733,3.0630328581154114,6.782796572995049,0.35,8.0,4.584962500721156,True,monte_carlo_40
geolife,24,709,2,8,2.5419001078030115,0.4935496264101555,3.6280644877880417,4.1211940418638555,0.55,16.0,4.584962500721156,True,monte_carlo_40
geolife,24,709,4,1,0.953402642757526,0.37453087034499727,2.1950724055610893,12.393913143675988,0.125,4.0,4.584962500721156,True,monte_carlo_40
geolife,24,709,4,2,2.026596844351107,0.5280316302243565,3.2714365331694197,5.890400203112326,0.4,8.0,4.584962500721156,True,monte_carlo_40
geolife,24,709,4,4,2.326950798715556,0.5072633415868137,3.4772703700504164,4.783317985454291,0.45,16.0,4.584962500721156,True,monte_carlo_40
geolife,24,709,4,8,3.9186694977186494,0.3794357165825508,4.324043077104851,1.586989962119842,0.85,32.0,4.584962500721156,True,monte_carlo_40
