family,candidates,queries,budget,capacity_leaves,equivalence_classes,prior_guess,optimal_guess,ideal_guess_bound,equivalence_guess_ceiling,min_entropy_leakage_bits,search_states,capacity_states,within_bound,method,scope,circuit_supported,prior,seed
visit,24,4,0,1,4,0.041666666666666664,0.041666666666666664,0.041666666666666664,0.16666666666666666,0.0,1,1,True,exact_finite_pool,one_trace_one_verifier,True,uniform,1
visit,24,4,1,2,4,0.041666666666666664,0.08333333333333333,0.08333333333333333,0.16666666666666666,1.0,7,7,True,exact_finite_pool,one_trace_one_verifier,True,uniform,1
visit,24,4,2,4,4,0.041666666666666664,0.16666666666666666,0.16666666666666666,0.16666666666666666,2.0,14,14,True,exact_finite_pool,one_trace_one_verifier,True,uniform,1
visit,24,4,3,4,4,0.041666666666666664,0.16666666666666666,0.3333333333333333,0.16666666666666666,2.0,18,18,True,exact_finite_pool,one_trace_one_verifier,True,uniform,1
visit_ordered,24,16,0,1,10,0.041666666666666664,0.041666666666666664,0.041666666666666664,0.41666666666666663,0.0,1,1,True,exact_finite_pool,one_trace_one_verifier,True,uniform,1
visit_ordered,24,16,1,2,10,0.041666666666666664,0.08333333333333333,0.08333333333333333,0.41666666666666663,1.0,21,21,True,exact_finite_pool,one_trace_one_verifier,True,uniform,1
visit_ordered,24,16,2,4,10,0.041666666666666664,0.16666666666666666,0.16666666666666666,0.41666666666666663,2.0,87,87,True,exact_finite_pool,one_trace_one_verifier,True,uniform,1
visit_ordered,24,16,3,8,10,0.041666666666666664,0.3333333333333333,0.3333333333333333,0.41666666666666663,3.0,165,165,True,exact_finite_pool,one_trace_one_verifier,True,uniform,1
visit_ordered_timed,24,28,0,1,14,0.041666666666666664,0.041666666666666664,0.041666666666666664,0.5833333333333333,0.0,1,1,True,exact_finite_pool,one_trace_one_verifier,True,uniform,1
visit_ordered_timed,24,28,1,2,14,0.041666666666666664,0.08333333333333333,0.08333333333333333,0.5833333333333333,1.0,33,33,True,exact_finite_pool,one_trace_one_verifier,True,uniform,1
visit_ordered_timed,24,28,2,4,14,0.041666666666666664,0.16666666666666666,0.16666666666666666,0.5833333333333333,2.0,196,196,True,exact_finite_pool,one_trace_one_verifier,True,uniform,1
visit_ordered_timed,24,28,3,8,14,0.041666666666666664,0.3333333333333333,0.3333333333333333,0.5833333333333333,3.0,466,466,True,exact_finite_pool,one_trace_one_verifier,True,uniform,1
visit_ordered_timed_avoid,24,52,0,1,14,0.041666666666666664,0.041666666666666664,0.041666666666666664,0.5833333333333333,0.0,1,1,True,exact_finite_pool,one_trace_one_verifier,True,uniform,1
visit_ordered_timed_avoid,24,52,1,2,14,0.041666666666666664,0.08333333333333333,0.08333333333333333,0.5833333333333333,1.0,41,41,True,exact_finite_pool,one_trace_one_verifier,True,uniform,1
visit_ordered_timed_avoid,24,52,2,4,14,0.041666666666666664,0.16666666666666666,0.16666666666666666,0.5833333333333333,2.0,248,248,True,exact_finite_pool,one_trace_one_verifier,True,uniform,1
visit_ordered_timed_avoid,24,52,3,8,14,0.041666666666666664,0.3333333333333333,0.3333333333333333,0.5833333333333333,3.0,634,634,True,exact_finite_pool,one_trace_one_verifier,True,uniform,1
visit,24,4,0,1,4,0.26483344171861206,0.26483344171861206,0.26483344171861206,0.4382362904629414,0.0,1,1,True,exact_finite_pool,one_trace_one_verifier,True,rank_skewed_sensitivity,1
visit,24,4,1,2,4,0.26483344171861206,0.35311125562481605,0.5296668834372241,0.4382362904629414,0.41503749927884376,7,7,True,exact_finite_pool,one_trace_one_verifier,True,rank_skewed_sensitivity,1
visit,24,4,2,4,4,0.26483344171861206,0.4382362904629414,1.0,0.4382362904629414,0.726623649944747,14,14,True,exact_finite_pool,one_trace_one_verifier,True,rank_skewed_sensitivity,1
visit,24,4,3,4,4,0.26483344171861206,0.4382362904629414,1.0,0.4382362904629414,0.726623649944747,18,18,True,exact_finite_pool,one_trace_one_verifier,True,rank_skewed_sensitivity,1
visit_ordered,24,16,0,1,10,0.26483344171861206,0.26483344171861206,0.26483344171861206,0.6904520016874174,0.0,1,1,True,exact_finite_pool,one_trace_one_verifier,True,rank_skewed_sensitivity,1
visit_ordered,24,16,1,2,10,0.26483344171861206,0.3972501625779181,0.5296668834372241,0.6904520016874174,0.5849625007211562,21,21,True,exact_finite_pool,one_trace_one_verifier,True,rank_skewed_sensitivity,1
visit_ordered,24,16,2,4,10,0.26483344171861206,0.5517363369137751,1.0,0.6904520016874174,1.0588936890535683,87,87,True,exact_finite_pool,one_trace_one_verifier,True,rank_skewed_sensitivity,1
visit_ordered,24,16,3,8,10,0.26483344171861206,0.6605006005406697,1.0,0.6904520016874174,1.31847456391292,165,165,True,exact_finite_pool,one_trace_one_verifier,True,rank_skewed_sensitivity,1
visit_ordered_timed,24,28,0,1,14,0.26483344171861206,0.26483344171861206,0.26483344171861206,0.7981241838002875,0.0,1,1,True,exact_finite_pool,one_trace_one_verifier,True,rank_skewed_sensitivity,1
visit_ordered_timed,24,28,1,2,14,0.26483344171861206,0.3972501625779181,0.5296668834372241,0.7981241838002875,0.5849625007211562,33,33,True,exact_finite_pool,one_trace_one_verifier,True,rank_skewed_sensitivity,1
visit_ordered_timed,24,28,2,4,14,0.26483344171861206,0.5517363369137751,1.0,0.7981241838002875,1.0588936890535683,196,196,True,exact_finite_pool,one_trace_one_verifier,True,rank_skewed_sensitivity,1
visit_ordered_timed,24,28,3,8,14,0.26483344171861206,0.6872102980815211,1.0,0.7981241838002875,1.3756663466296788,466,466,True,exact_finite_pool,one_trace_one_verifier,True,rank_skewed_sensitivity,1
visit_ordered_timed_avoid,24,52,0,1,14,0.26483344171861206,0.26483344171861206,0.26483344171861206,0.7981241838002875,0.0,1,1,True,exact_finite_pool,one_trace_one_verifier,True,rank_skewed_sensitivity,1
visit_ordered_timed_avoid,24,52,1,2,14,0.26483344171861206,0.3972501625779181,0.5296668834372241,0.7981241838002875,0.5849625007211562,41,41,True,exact_finite_pool,one_trace_one_verifier,True,rank_skewed_sensitivity,1
visit_ordered_timed_avoid,24,52,2,4,14,0.26483344171861206,0.5517363369137751,1.0,0.7981241838002875,1.0588936890535683,248,248,True,exact_finite_pool,one_trace_one_verifier,True,rank_skewed_sensitivity,1
visit_ordered_timed_avoid,24,52,3,8,14,0.26483344171861206,0.6872102980815211,1.0,0.7981241838002875,1.3756663466296788,634,634,True,exact_finite_pool,one_trace_one_verifier,True,rank_skewed_sensitivity,1
