design,commitment,n_points,time_resolution_s,circuit_steps,dfa_states,constraints,satisfied,prove_ms,verify_ms
ours,off,720,1,2,0,6301,true,69,1
ours,hiding,720,1,2,0,268982,true,1969,1
b3_bucket_dfa,off,720,600,6,4,2181,false,,
b3_bucket_dfa,hiding,720,600,6,4,4609,false,,
b3_bucket_dfa,off,720,300,12,5,4433,false,,
b3_bucket_dfa,hiding,720,300,12,5,9048,false,,
b3_bucket_dfa,off,720,180,20,7,7593,true,,
b3_bucket_dfa,hiding,720,180,20,7,15124,true,,
b3_bucket_dfa,off,720,120,30,10,11841,true,,
b3_bucket_dfa,hiding,720,120,30,10,23017,true,,
b3_bucket_dfa,off,720,60,60,17,25793,true,102,1
b3_bucket_dfa,hiding,720,60,60,17,47904,true,,
b3_bucket_dfa,off,720,30,120,32,60593,true,,
b3_bucket_dfa,hiding,720,30,120,32,104574,true,,
b3_bucket_dfa,off,720,15,240,62,157193,true,450,1
b3_bucket_dfa,hiding,720,15,240,62,244914,true,,
b3_bucket_dfa,off,720,10,360,92,289793,true,,
b3_bucket_dfa,hiding,720,10,360,92,421254,true,,
b3_bucket_dfa,off,720,5,720,182,903593,true,,
b3_bucket_dfa,hiding,720,5,720,182,1166274,true,,
ours_scaling_n,off,120,1,2,0,1498,true,,
ours_scaling_n,off,240,1,2,0,2459,true,,
ours_scaling_n,off,360,1,2,0,3420,true,,
ours_scaling_n,off,720,1,2,0,6301,true,,
ours_scaling_n,off,1800,1,2,0,14942,true,,
ours_scaling_n,off,3600,1,2,0,29343,true,,
